Date,open,high,low,close,volume,dividends,stock splits,capital gains
<<<<<<< HEAD
2023-10-18 00:00:00-04:00,423.2512926064637,424.2163416495345,418.27977284903875,419.3715515136719,93559800,0.0,0.0,0.0
2023-10-19 00:00:00-04:00,420.0929432509383,421.9158269506533,415.00445128095737,415.6867980957031,121323000,0.0,0.0,0.0
2023-10-20 00:00:00-04:00,415.24815921948914,415.7940485790275,410.47158270042024,410.5788269042969,123919900,0.0,0.0,0.0
2023-10-23 00:00:00-04:00,409.0386568261559,413.75674779890704,407.2742589422364,409.86724853515625,92035100,0.0,0.0,0.0
2023-10-24 00:00:00-04:00,412.0020152211512,414.11735869256864,410.14013099251554,412.95733642578125,78564200,0.0,0.0,0.0
2023-10-25 00:00:00-04:00,411.26120475074754,411.2904477612155,406.5138712273653,407.030517578125,94223200,0.0,0.0,0.0
2023-10-26 00:00:00-04:00,405.9582332820246,406.8160381281592,401.23041517306166,402.1564636230469,115156800,0.0,0.0,0.0
2023-10-27 00:00:00-04:00,403.75510694875203,404.15478118393054,398.9005598651939,400.3335266113281,107367700,0.0,0.0,0.0
2023-10-30 00:00:00-04:00,403.1410168304096,406.1824086755449,401.8347795507034,405.119873046875,86562700,0.0,0.0,0.0
2023-10-31 00:00:00-04:00,405.6950255751164,407.9858271586759,403.7746552793757,407.6641540527344,79665200,0.0,0.0,0.0
2023-11-01 00:00:00-04:00,408.6389571260531,412.83061379639145,408.10279562252936,412.01177978515625,98068100,0.0,0.0,0.0
2023-11-02 00:00:00-04:00,415.8330307293069,420.0637180038268,415.813545304772,419.9077453613281,94938900,0.0,0.0,0.0
2023-11-03 00:00:00-04:00,422.2277700758668,425.29840509845803,422.1010404505435,423.73870849609375,100167800,0.0,0.0,0.0
2023-11-06 00:00:00-05:00,424.49901182686875,425.16187314477696,422.75409976323414,424.7134704589844,67831700,0.0,0.0,0.0
2023-11-07 00:00:00-05:00,424.71346011382417,426.5655865740349,423.56319554628357,425.9222106933594,64256100,0.0,0.0,0.0
2023-11-08 00:00:00-05:00,426.5265914406681,427.05299530408985,423.91411704236504,426.2341613769531,61746000,0.0,0.0,0.0
2023-11-09 00:00:00-05:00,427.3844848158496,427.42348541262743,422.48120841408235,422.9101257324219,83174400,0.0,0.0,0.0
2023-11-10 00:00:00-05:00,424.99619191806926,429.8214667358813,422.9003339303596,429.509521484375,89462200,0.0,0.0,0.0
2023-11-13 00:00:00-05:00,428.16432214885,430.2113922506014,427.3747311670345,429.1001281738281,52236100,0.0,0.0,0.0
=======
2023-10-20 00:00:00-04:00,415.24819008413033,415.7940794842436,410.47161321002716,410.578857421875,123919900,0.0,0.0,0.0
2023-10-23 00:00:00-04:00,409.03859591438896,413.7566861845482,407.2741982932137,409.8671875,92035100,0.0,0.0,0.0
2023-10-24 00:00:00-04:00,412.0020152211512,414.11735869256864,410.14013099251554,412.95733642578125,78564200,0.0,0.0,0.0
2023-10-25 00:00:00-04:00,411.2611739159688,411.2904169242442,406.51384074852336,407.0304870605469,94223200,0.0,0.0,0.0
2023-10-26 00:00:00-04:00,405.9582332820246,406.8160381281592,401.23041517306166,402.1564636230469,115156800,0.0,0.0,0.0
2023-10-27 00:00:00-04:00,403.75516850556505,404.1548428016782,398.90062068187893,400.3335876464844,107367700,0.0,0.0,0.0
2023-10-30 00:00:00-04:00,403.1410168304096,406.1824086755449,401.8347795507034,405.119873046875,86562700,0.0,0.0,0.0
2023-10-31 00:00:00-04:00,405.69505594528636,407.98585770033435,403.7746855057875,407.6641845703125,79665200,0.0,0.0,0.0
2023-11-01 00:00:00-04:00,408.6389571260531,412.83061379639145,408.10279562252936,412.01177978515625,98068100,0.0,0.0,0.0
2023-11-02 00:00:00-04:00,415.8329702864256,420.06365694599936,415.81348486472297,419.9076843261719,94938900,0.0,0.0,0.0
2023-11-03 00:00:00-04:00,422.2277700758668,425.29840509845803,422.1010404505435,423.73870849609375,100167800,0.0,0.0,0.0
2023-11-06 00:00:00-05:00,424.49901182686875,425.16187314477696,422.75409976323414,424.7134704589844,67831700,0.0,0.0,0.0
2023-11-07 00:00:00-05:00,424.7134905447946,426.5656171377113,423.5632258948368,425.9222412109375,64256100,0.0,0.0,0.0
2023-11-08 00:00:00-05:00,426.52662197918363,427.05302588029497,423.91414739383225,426.23419189453125,61746000,0.0,0.0,0.0
2023-11-09 00:00:00-05:00,427.3844848158496,427.42348541262743,422.48120841408235,422.9101257324219,83174400,0.0,0.0,0.0
2023-11-10 00:00:00-05:00,424.99619191806926,429.8214667358813,422.9003339303596,429.509521484375,89462200,0.0,0.0,0.0
2023-11-13 00:00:00-05:00,428.16429169782634,430.21136165399025,427.37470077216653,429.10009765625,52236100,0.0,0.0,0.0
>>>>>>> b79efe5cdc8e019e16d80e3b355d2d840fc29340
2023-11-14 00:00:00-05:00,435.0757306092195,438.7214981235358,434.85151436015457,437.4250183105469,97176900,0.0,0.0,0.0
2023-11-15 00:00:00-05:00,438.7702034175982,440.00822689231774,437.4932090962841,438.3510437011719,77327600,0.0,0.0,0.0
2023-11-16 00:00:00-05:00,437.9026427989849,439.20888013505356,436.8303495384098,438.88720703125,66665800,0.0,0.0,0.0
2023-11-17 00:00:00-05:00,438.8969134726528,440.0472078681417,437.9708650531433,439.4330749511719,83133200,0.0,0.0,0.0
<<<<<<< HEAD
2023-11-20 00:00:00-05:00,439.1796343511977,443.6637508451693,439.16987676520114,442.815673828125,69936200,0.0,0.0,0.0
=======
2023-11-20 00:00:00-05:00,439.1796646181905,443.66378142119447,439.1699070315214,442.8157043457031,69936200,0.0,0.0,0.0
>>>>>>> b79efe5cdc8e019e16d80e3b355d2d840fc29340
2023-11-21 00:00:00-05:00,441.7628874230674,442.6889656755236,440.57362207457913,441.8506164550781,49244600,0.0,0.0,0.0
2023-11-22 00:00:00-05:00,443.5175171922335,444.8822404813006,442.45498156900504,443.5564880371094,59394900,0.0,0.0,0.0
2023-11-24 00:00:00-05:00,443.6052812771049,444.0244410081727,443.27385057704623,443.8294677734375,29737400,0.0,0.0,0.0
2023-11-27 00:00:00-05:00,443.1958518437672,444.01468588647003,442.6402048955527,443.0301513671875,50506000,0.0,0.0,0.0
2023-11-28 00:00:00-05:00,442.6401889183708,444.77501785393656,442.07481415289016,443.4687805175781,62115000,0.0,0.0,0.0
<<<<<<< HEAD
2023-11-29 00:00:00-05:00,445.63284701527954,446.77338386709766,442.75718529272547,443.1568298339844,63146000,0.0,0.0,0.0
2023-11-30 00:00:00-05:00,444.00492797140174,445.2526792493876,441.9188275346786,444.9017333984375,79752700,0.0,0.0,0.0
2023-12-01 00:00:00-05:00,444.2876295398619,448.06988421555565,443.69301174485037,447.53375244140625,89183400,0.0,0.0,0.0
2023-12-04 00:00:00-05:00,444.12194301573834,447.5532519253146,442.8936770415693,445.1844787597656,72430900,0.0,0.0,0.0
2023-12-05 00:00:00-05:00,443.7904728995386,446.06175924267177,443.41028403700943,445.0967102050781,69793500,0.0,0.0,0.0
2023-12-06 00:00:00-05:00,447.2510249980106,447.2802680067955,442.86439518784823,443.3030700683594,69124700,0.0,0.0,0.0
2023-12-07 00:00:00-05:00,445.3988561480983,447.3387116273667,444.7944808579986,446.68560791015625,66995400,0.0,0.0,0.0
2023-12-08 00:00:00-05:00,445.93502770059104,449.1421498074846,445.69132604578505,448.60601806640625,83194400,0.0,0.0,0.0
2023-12-11 00:00:00-05:00,448.108878200919,450.5264094395956,447.8944195446756,450.3509216308594,65002200,0.0,0.0,0.0
2023-12-12 00:00:00-05:00,450.0000022439556,452.50526249444346,448.99595257627306,452.40777587890625,68327600,0.0,0.0,0.0
2023-12-13 00:00:00-05:00,452.7879477122068,458.9000046679178,452.42727399846257,458.64654541015625,93278000,0.0,0.0,0.0
2023-12-14 00:00:00-05:00,460.59620659677773,461.79522965365624,457.42808454082103,460.1185607910156,119026000,0.0,0.0,0.0
2023-12-15 00:00:00-05:00,459.5175669430169,460.70188687398075,457.50132573293064,459.3609619140625,141553700,1.906,0.0,0.0
2023-12-18 00:00:00-05:00,460.9758929509902,462.9334108167086,459.9090492984959,461.9448547363281,70375300,0.0,0.0,0.0
2023-12-19 00:00:00-05:00,462.49294504720444,464.83219317180465,462.414657477173,464.7538757324219,55761800,0.0,0.0,0.0
2023-12-20 00:00:00-05:00,463.892567568819,465.7913622558364,457.8830033552832,458.31365966796875,102921000,0.0,0.0,0.0
2023-12-21 00:00:00-05:00,461.3184379551816,462.9334141013397,458.88133775326304,462.65936279296875,86667500,0.0,0.0,0.0
2023-12-22 00:00:00-05:00,463.7946728489947,465.2824054768028,461.6805799335795,463.5891418457031,67160400,0.0,0.0,0.0
2023-12-26 00:00:00-05:00,464.00023546887513,466.4568999785943,463.92191803061615,465.5466613769531,55387000,0.0,0.0,0.0
2023-12-27 00:00:00-05:00,465.3411180605876,466.53520507295934,464.80281263154177,466.3883972167969,68000300,0.0,0.0,0.0
2023-12-28 00:00:00-05:00,466.7505112432347,467.40626292633686,466.14368555343316,466.5645446777344,77158100,0.0,0.0,0.0
2023-12-29 00:00:00-05:00,466.36882605664505,466.8973642343975,463.2465827268645,465.2138977050781,122283100,0.0,0.0,0.0
2024-01-02 00:00:00-05:00,462.13079978352283,463.60873526144735,460.4962592993178,462.6103820800781,123623700,0.0,0.0,0.0
2024-01-03 00:00:00-05:00,460.4375771644892,461.18144354323624,458.22560219347605,458.8324279785156,103585900,0.0,0.0,0.0
2024-01-04 00:00:00-05:00,458.35275441965285,460.9562565274368,457.1293058653944,457.35443115234375,84232200,0.0,0.0,0.0
2024-01-05 00:00:00-05:00,457.5599459724443,460.4472964061735,456.5224640246535,457.9808349609375,86118900,0.0,0.0,0.0
2024-01-08 00:00:00-05:00,458.48002635182195,464.66578979536183,458.3527829151725,464.51898193359375,74879100,0.0,0.0,0.0
2024-01-09 00:00:00-05:00,461.8469550820588,464.8419549117133,461.33801120953973,463.81427001953125,65931400,0.0,0.0,0.0
2024-01-10 00:00:00-05:00,464.08833198358764,467.3084571861186,463.80448353404677,466.4373474121094,67310600,0.0,0.0,0.0
2024-01-11 00:00:00-05:00,467.44543241342734,467.9641734056313,462.22866092086076,466.2317810058594,77940700,0.0,0.0,0.0
2024-01-12 00:00:00-05:00,467.69011235405145,468.43397861765317,465.1355661635489,466.55474853515625,58026400,0.0,0.0,0.0
2024-01-16 00:00:00-05:00,465.1649566213452,466.4862572188479,463.01167512948393,464.8419494628906,85014900,0.0,0.0,0.0
2024-01-17 00:00:00-05:00,461.798069242699,462.74746664834134,459.8894772834184,462.2580871582031,68843900,0.0,0.0,0.0
2024-01-18 00:00:00-05:00,463.9415020477,466.92670465681095,462.385279026975,466.3688049316406,91856200,0.0,0.0,0.0
2024-01-19 00:00:00-05:00,467.50418137026986,472.4664961487431,466.417773331442,472.1826477050781,110834500,0.0,0.0,0.0
2024-01-22 00:00:00-05:00,473.7291329004626,474.9134228764255,472.5252486289505,473.1810302734375,75844900,0.0,0.0,0.0
2024-01-23 00:00:00-05:00,473.72914443461354,474.8057554193274,472.63293915387334,474.5610656738281,49945300,0.0,0.0,0.0
2024-01-24 00:00:00-05:00,477.4483526414292,478.387952774823,474.5805963770956,475.07977294921875,81765000,0.0,0.0,0.0
=======
2023-11-29 00:00:00-05:00,445.63287770336626,446.77341463372636,442.75721578278245,443.1568603515625,63146000,0.0,0.0,0.0
2023-11-30 00:00:00-05:00,444.00492797140174,445.2526792493876,441.9188275346786,444.9017333984375,79752700,0.0,0.0,0.0
2023-12-01 00:00:00-05:00,444.2876901323082,448.06994532383015,443.6930722562021,447.5338134765625,89183400,0.0,0.0,0.0
2023-12-04 00:00:00-05:00,444.12188212625665,447.55319056539764,442.89361632048383,445.1844177246094,72430900,0.0,0.0,0.0
2023-12-05 00:00:00-05:00,443.790503327556,446.06178982641745,443.4103144389596,445.09674072265625,69793500,0.0,0.0,0.0
2023-12-06 00:00:00-05:00,447.2510557873712,447.28029879816927,442.8644256752274,443.3031005859375,69124700,0.0,0.0,0.0
2023-12-07 00:00:00-05:00,445.39891700743266,447.3387727517631,444.7945416347511,446.6856689453125,66995400,0.0,0.0,0.0
2023-12-08 00:00:00-05:00,445.9349973647139,449.14211925343477,445.6912957264864,448.6059875488281,83194400,0.0,0.0,0.0
2023-12-11 00:00:00-05:00,448.108878200919,450.5264094395956,447.8944195446756,450.3509216308594,65002200,0.0,0.0,0.0
2023-12-12 00:00:00-05:00,450.0000022439556,452.50526249444346,448.99595257627306,452.40777587890625,68327600,0.0,0.0,0.0
2023-12-13 00:00:00-05:00,452.78791758445004,458.8999741334749,452.4272438947044,458.6465148925781,93278000,0.0,0.0,0.0
2023-12-14 00:00:00-05:00,460.5961149490031,461.7951377673043,457.4279935234279,460.11846923828125,119026000,0.0,0.0,0.0
2023-12-15 00:00:00-05:00,459.5175058870526,460.7018256606562,457.5012649448637,459.36090087890625,141553700,1.906,0.0,0.0
2023-12-18 00:00:00-05:00,460.9759234045556,462.93344139959396,459.90907968158217,461.94488525390625,70375300,0.0,0.0,0.0
2023-12-19 00:00:00-05:00,462.49294504720444,464.83219317180465,462.414657477173,464.7538757324219,55761800,0.0,0.0,0.0
2023-12-20 00:00:00-05:00,463.892567568819,465.7913622558364,457.8830033552832,458.31365966796875,102921000,0.0,0.0,0.0
2023-12-21 00:00:00-05:00,461.3184683843107,462.9334446369946,458.881368021638,462.6593933105469,86667500,0.0,0.0,0.0
2023-12-22 00:00:00-05:00,463.7946728489947,465.2824054768028,461.6805799335795,463.5891418457031,67160400,0.0,0.0,0.0
2023-12-26 00:00:00-05:00,464.00026588508166,466.45693055584053,463.92194844168887,465.54669189453125,55387000,0.0,0.0,0.0
2023-12-27 00:00:00-05:00,465.34114850963823,466.53523560014366,464.80284304536906,466.388427734375,68000300,0.0,0.0,0.0
2023-12-28 00:00:00-05:00,466.7505417729767,467.40629349897097,466.1437160434832,466.5645751953125,77158100,0.0,0.0,0.0
2023-12-29 00:00:00-05:00,466.36882605664505,466.8973642343975,463.2465827268645,465.2138977050781,122283100,0.0,0.0,0.0
2024-01-02 00:00:00-05:00,462.1308302694638,463.60876584488506,460.49628967743104,462.61041259765625,123623700,0.0,0.0,0.0
2024-01-03 00:00:00-05:00,460.4375771644892,461.18144354323624,458.22560219347605,458.8324279785156,103585900,0.0,0.0,0.0
2024-01-04 00:00:00-05:00,458.3527850038454,460.9562872853515,457.1293363679507,457.3544616699219,84232200,0.0,0.0,0.0
2024-01-05 00:00:00-05:00,457.55997646197653,460.4473270881045,456.52249444505304,457.9808654785156,86118900,0.0,0.0,0.0
2024-01-08 00:00:00-05:00,458.47999623098605,464.66575926813886,458.3527528026961,464.5189514160156,74879100,0.0,0.0,0.0
2024-01-09 00:00:00-05:00,461.84692469392405,464.8419243265166,461.337980854892,463.8142395019531,65931400,0.0,0.0,0.0
2024-01-10 00:00:00-05:00,464.0883623474768,467.3084877606908,463.8045138793646,466.4373779296875,67310600,0.0,0.0,0.0
2024-01-11 00:00:00-05:00,467.44543241342734,467.9641734056313,462.22866092086076,466.2317810058594,77940700,0.0,0.0,0.0
2024-01-12 00:00:00-05:00,467.69014294589425,468.4340092581526,465.13559658829763,466.5547790527344,58026400,0.0,0.0,0.0
2024-01-16 00:00:00-05:00,465.1649566213452,466.4862572188479,463.01167512948393,464.8419494628906,85014900,0.0,0.0,0.0
2024-01-17 00:00:00-05:00,461.79803875549055,462.7474360984551,459.8894469222123,462.258056640625,68843900,0.0,0.0,0.0
2024-01-18 00:00:00-05:00,463.94153240644374,466.9267352108962,462.3853092838849,466.36883544921875,91856200,0.0,0.0,0.0
2024-01-19 00:00:00-05:00,467.5042115854746,472.4665266846665,466.41780347643123,472.18267822265625,110834500,0.0,0.0,0.0
2024-01-22 00:00:00-05:00,473.7291023475349,474.9133922471176,472.5252181536667,473.1809997558594,75844900,0.0,0.0,0.0
2024-01-23 00:00:00-05:00,473.72908350645395,474.80569435270064,472.63287836670105,474.5610046386719,49945300,0.0,0.0,0.0
2024-01-24 00:00:00-05:00,477.44838331115716,478.3879835049079,474.58062686260826,475.0798034667969,81765000,0.0,0.0,0.0
>>>>>>> b79efe5cdc8e019e16d80e3b355d2d840fc29340
2024-01-25 00:00:00-05:00,477.22324284414435,477.9377475814214,475.07978837101456,477.6636962890625,72525000,0.0,0.0,0.0
2024-01-26 00:00:00-05:00,477.23308472994535,478.73058476596105,476.20539975459565,477.0569152832031,76641600,0.0,0.0,0.0
2024-01-29 00:00:00-05:00,477.37011471599084,480.9817376407195,476.82201209206994,480.83489990234375,61322800,0.0,0.0,0.0
2024-01-30 00:00:00-05:00,480.1399445091589,481.1774265123715,479.69949107392625,480.46295166015625,58618400,0.0,0.0,0.0
<<<<<<< HEAD
2024-01-31 00:00:00-05:00,478.24117450333114,478.69139523915123,472.6035136155435,472.62310791015625,126011100,0.0,0.0,0.0
2024-02-01 00:00:00-05:00,474.3359632749418,478.8382605000368,473.52357660494823,478.80889892578125,91891600,0.0,0.0,0.0
2024-02-02 00:00:00-05:00,479.2492781177707,485.51332895629,478.90670653697305,483.8494567871094,99228200,0.0,0.0,0.0
2024-02-05 00:00:00-05:00,483.2132736155175,483.87882248887064,479.8169790887864,482.0876770019531,75757100,0.0,0.0,0.0
2024-02-06 00:00:00-05:00,483.0370846023235,483.82010964884154,481.59830781553234,483.4873352050781,55918600,0.0,0.0,0.0
2024-02-07 00:00:00-05:00,485.74825471838733,487.9406650595183,484.83798625590816,487.5198059082031,70556500,0.0,0.0,0.0
2024-02-08 00:00:00-05:00,487.5198097885674,488.1168383750432,486.6976559040994,487.7351379394531,52343600,0.0,0.0,0.0
2024-02-09 00:00:00-05:00,488.2440686246988,490.9943786457581,487.9014970480841,490.553955078125,63979400,0.0,0.0,0.0
2024-02-12 00:00:00-05:00,490.5246201484485,492.8051152852079,489.6143516538678,490.3386535644531,56502300,0.0,0.0,0.0
2024-02-13 00:00:00-05:00,484.02559745916165,486.5312176457043,480.2965287491372,483.58514404296875,113099200,0.0,0.0,0.0
2024-02-14 00:00:00-05:00,486.23766865675526,488.4692378749702,483.89842042163974,487.9798583984375,68387800,0.0,0.0,0.0
2024-02-15 00:00:00-05:00,488.6845154511361,491.5327072940358,488.2049033026233,491.34674072265625,61683000,0.0,0.0,0.0
2024-02-16 00:00:00-05:00,491.0433562248227,492.18848742065717,488.1560054976972,488.8998718261719,75532900,0.0,0.0,0.0
2024-02-20 00:00:00-05:00,487.1479132312173,487.82325930658317,483.9473821687879,486.20831298828125,71736700,0.0,0.0,0.0
2024-02-21 00:00:00-05:00,484.89681602029316,486.8053782238498,483.07630867652784,486.6487731933594,59293400,0.0,0.0,0.0
2024-02-22 00:00:00-05:00,493.30429472286124,497.6891155849243,492.3353030771788,496.72015380859375,76402500,0.0,0.0,0.0
2024-02-23 00:00:00-05:00,498.45253453500476,499.29428272154865,496.3286444476272,497.0627136230469,61321800,0.0,0.0,0.0
2024-02-26 00:00:00-05:00,497.5031487407398,497.9436022039435,495.11497457845917,495.2422180175781,50386700,0.0,0.0,0.0
2024-02-27 00:00:00-05:00,495.93710551575634,496.38732620906114,494.028513871041,496.1622009277344,48854500,0.0,0.0,0.0
=======
2024-01-31 00:00:00-05:00,478.24120538367146,478.6914261485626,472.60354413185644,472.6231384277344,126011100,0.0,0.0,0.0
2024-02-01 00:00:00-05:00,474.3359632749418,478.8382605000368,473.52357660494823,478.80889892578125,91891600,0.0,0.0,0.0
2024-02-02 00:00:00-05:00,479.24933857263767,485.5133902013353,478.90676694862634,483.8495178222656,99228200,0.0,0.0,0.0
2024-02-05 00:00:00-05:00,483.213212437854,483.87876122694473,479.81691834111393,482.0876159667969,75757100,0.0,0.0,0.0
2024-02-06 00:00:00-05:00,483.0371150914819,483.8201401874243,481.5983382138756,483.48736572265625,55918600,0.0,0.0,0.0
2024-02-07 00:00:00-05:00,485.74822431170406,487.94063451559543,484.8379559062056,487.519775390625,70556500,0.0,0.0,0.0
2024-02-08 00:00:00-05:00,487.5198097885674,488.1168383750432,486.6976559040994,487.7351379394531,52343600,0.0,0.0,0.0
2024-02-09 00:00:00-05:00,488.2440989985779,490.99440919073515,487.9015274006516,490.5539855957031,63979400,0.0,0.0,0.0
2024-02-12 00:00:00-05:00,490.5246201484485,492.8051152852079,489.6143516538678,490.3386535644531,56502300,0.0,0.0,0.0
2024-02-13 00:00:00-05:00,484.0256585499092,486.53127905269594,480.2965893692246,483.585205078125,113099200,0.0,0.0,0.0
2024-02-14 00:00:00-05:00,486.23766865675526,488.4692378749702,483.89842042163974,487.9798583984375,68387800,0.0,0.0,0.0
2024-02-15 00:00:00-05:00,488.6845761555904,491.5327683522928,488.20496394750006,491.3468017578125,61683000,0.0,0.0,0.0
2024-02-16 00:00:00-05:00,491.0434175275754,492.1885488663702,488.1560664399878,488.8999328613281,75532900,0.0,0.0,0.0
2024-02-20 00:00:00-05:00,487.1478520781103,487.823198068698,483.94732141745294,486.208251953125,71736700,0.0,0.0,0.0
2024-02-21 00:00:00-05:00,484.89675520486617,486.8053171690523,483.0762480894276,486.6487121582031,59293400,0.0,0.0,0.0
2024-02-22 00:00:00-05:00,493.30429472286124,497.6891155849243,492.3353030771788,496.72015380859375,76402500,0.0,0.0,0.0
2024-02-23 00:00:00-05:00,498.45253453500476,499.29428272154865,496.3286444476272,497.0627136230469,61321800,0.0,0.0,0.0
2024-02-26 00:00:00-05:00,497.5031487407398,497.9436022039435,495.11497457845917,495.2422180175781,50386700,0.0,0.0,0.0
2024-02-27 00:00:00-05:00,495.9371360194894,496.3873567404861,494.0285442573819,496.1622314453125,48854500,0.0,0.0,0.0
>>>>>>> b79efe5cdc8e019e16d80e3b355d2d840fc29340
2024-02-28 00:00:00-05:00,494.5962317481148,496.0937317004776,494.2340957269231,495.5065002441406,56506600,0.0,0.0,0.0
2024-02-29 00:00:00-05:00,497.2780440014064,498.91255464581906,494.61581858519605,497.2878112792969,83924800,0.0,0.0,0.0
2024-03-01 00:00:00-05:00,498.16871960912823,502.38713824254285,497.75762772536723,501.95648193359375,76844800,0.0,0.0,0.0
2024-03-04 00:00:00-05:00,501.1539580871736,503.27784821506253,501.124566645019,501.4181823730469,49799300,0.0,0.0,0.0
2024-03-05 00:00:00-05:00,499.40192116874573,499.852171759294,494.1851494829937,496.40692138671875,72855600,0.0,0.0,0.0
<<<<<<< HEAD
2024-03-06 00:00:00-05:00,499.70538904096213,501.19312181811216,497.6206574881757,498.9223937988281,68382400,0.0,0.0,0.0
2024-03-07 00:00:00-05:00,502.24033683922556,504.9319237100217,498.981053101571,503.8748474121094,58652100,0.0,0.0,0.0
2024-03-08 00:00:00-05:00,504.51107290066597,507.21239722419125,500.27303023090644,500.8504943847656,86532500,0.0,0.0,0.0
2024-03-11 00:00:00-04:00,499.6368961191953,501.0071527207687,497.698942580957,500.4198913574219,62557200,0.0,0.0,0.0
2024-03-12 00:00:00-04:00,502.5437557737152,506.39027097966664,500.0087440051748,505.80303955078125,73114400,0.0,0.0,0.0
2024-03-13 00:00:00-04:00,506.1259923365137,506.30216176704823,503.5616488386758,505.01019287109375,55104100,0.0,0.0,0.0
2024-03-14 00:00:00-04:00,505.9889848262863,506.1456197116887,500.9484120857823,504.0119323730469,110171800,0.0,0.0,0.0
2024-03-15 00:00:00-04:00,500.9241446835828,502.38704698505336,498.87218638115144,500.5510559082031,107646300,1.595,0.0,0.0
2024-03-18 00:00:00-04:00,504.64517575188347,506.09822050628367,503.11357022244954,503.5259094238281,88893300,0.0,0.0,0.0
2024-03-19 00:00:00-04:00,502.8288304828068,506.6087360358312,501.8175478468189,506.32403564453125,60755300,0.0,0.0,0.0
2024-03-20 00:00:00-04:00,506.3830233690174,511.14472957036855,505.70557894770565,511.00726318359375,69594600,0.0,0.0,0.0
2024-03-21 00:00:00-04:00,513.864267136569,514.5711343051557,512.4111625272894,512.6959228515625,60256100,0.0,0.0,0.0
2024-03-22 00:00:00-04:00,512.6075219273547,513.0984218682763,511.48825568021914,511.72393798828125,79070800,0.0,0.0,0.0
2024-03-25 00:00:00-04:00,510.33966454068,511.468758591217,510.15312013035617,510.31024169921875,48512100,0.0,0.0,0.0
2024-03-26 00:00:00-04:00,511.7435844366355,512.0872503842495,508.96513363854143,509.3676452636719,65463700,0.0,0.0,0.0
2024-03-27 00:00:00-04:00,512.2148648432812,513.6875647434284,510.03523783042095,513.6482543945312,82999800,0.0,0.0,0.0
2024-03-28 00:00:00-04:00,513.6875151873788,515.0619990069974,513.2653484476477,513.550048828125,96294900,0.0,0.0,0.0
2024-04-01 00:00:00-04:00,514.2963264415365,514.8363044731182,511.48833281353956,512.6566772460938,62477500,0.0,0.0,0.0
2024-04-02 00:00:00-04:00,508.80800930472697,509.5345316981204,507.0800317613507,509.3971252441406,74230300,0.0,0.0,0.0
2024-04-03 00:00:00-04:00,508.2974207936934,511.46867525247416,508.24834278304087,509.9566650390625,59155800,0.0,0.0,0.0
2024-04-04 00:00:00-04:00,513.9919383481855,514.3355443672095,503.42776110615574,503.73211669921875,96858100,0.0,0.0,0.0
2024-04-05 00:00:00-04:00,505.0968203427488,510.96796482720384,504.6549983834538,508.9945373535156,74546500,0.0,0.0,0.0
2024-04-08 00:00:00-04:00,509.7014625472124,510.7126853242271,508.46438503558613,509.27923583984375,48401800,0.0,0.0,0.0
2024-04-09 00:00:00-04:00,511.02689448211964,511.2723444794694,504.9888005775902,509.8683776855469,68049200,0.0,0.0,0.0
2024-04-10 00:00:00-04:00,504.1345731606124,506.76578959566245,502.76991689708115,504.762939453125,82652800,0.0,0.0,0.0
2024-04-11 00:00:00-04:00,506.2946349404011,510.0254630891455,502.7601787835525,508.5724182128906,70099000,0.0,0.0,0.0
2024-04-12 00:00:00-04:00,505.0084151327042,506.43203698768644,499.8146852171386,501.552490234375,92561100,0.0,0.0,0.0
2024-04-15 00:00:00-04:00,505.754597894728,505.92148710242344,494.41479083445734,495.26898193359375,92101400,0.0,0.0,0.0
2024-04-16 00:00:00-04:00,495.7500335642605,497.28163897934695,493.069709106782,494.3656921386719,73484000,0.0,0.0,0.0
2024-04-17 00:00:00-04:00,496.8398410039947,497.00676017490997,490.0359747017538,491.43994140625,75910300,0.0,0.0,0.0
2024-04-18 00:00:00-04:00,492.8439604399473,494.9548243860695,489.4861913543406,490.4287109375,74548100,0.0,0.0,0.0
2024-04-19 00:00:00-04:00,490.35020469641637,491.3516299310736,484.87174380253674,486.1481018066406,102212600,0.0,0.0,0.0
2024-04-22 00:00:00-04:00,488.7694751922515,493.2366831181411,486.41316121179784,490.6250915527344,67961000,0.0,0.0,0.0
2024-04-23 00:00:00-04:00,492.6475522211574,496.879107389729,490.4385024479616,496.4471130371094,64633600,0.0,0.0,0.0
2024-04-24 00:00:00-04:00,497.3405506993321,498.13580621456754,493.9729842620111,496.21148681640625,55928100,0.0,0.0,0.0
2024-04-25 00:00:00-04:00,490.0949214080457,495.09227985948104,488.435676995503,494.32647705078125,69122400,0.0,0.0,0.0
=======
2024-03-06 00:00:00-05:00,499.7053584754905,501.19309116164044,497.6206270502209,498.92236328125,68382400,0.0,0.0,0.0
2024-03-07 00:00:00-05:00,502.24036725780826,504.9319542916225,498.98108332275257,503.8748779296875,58652100,0.0,0.0,0.0
2024-03-08 00:00:00-05:00,504.51107290066597,507.21239722419125,500.27303023090644,500.8504943847656,86532500,0.0,0.0,0.0
2024-03-11 00:00:00-04:00,499.6368351795393,501.0070916139854,497.69888187766907,500.4198303222656,62557200,0.0,0.0,0.0
2024-03-12 00:00:00-04:00,502.54378609464476,506.3903015326754,500.0087741731547,505.8030700683594,73114400,0.0,0.0,0.0
2024-03-13 00:00:00-04:00,506.12602292151917,506.30219236269954,503.56167926871893,505.0102233886719,55104100,0.0,0.0,0.0
2024-03-14 00:00:00-04:00,505.9889848262863,506.1456197116887,500.9484120857823,504.0119323730469,110171800,0.0,0.0,0.0
2024-03-15 00:00:00-04:00,500.9241446835828,502.38704698505336,498.87218638115144,500.5510559082031,107646300,1.595,0.0,0.0
2024-03-18 00:00:00-04:00,504.64517575188347,506.09822050628367,503.11357022244954,503.5259094238281,88893300,0.0,0.0,0.0
2024-03-19 00:00:00-04:00,502.82889109663125,506.60879710530685,501.8176083387377,506.3240966796875,60755300,0.0,0.0,0.0
2024-03-20 00:00:00-04:00,506.3830233690174,511.14472957036855,505.70557894770565,511.00726318359375,69594600,0.0,0.0,0.0
2024-03-21 00:00:00-04:00,513.864267136569,514.5711343051557,512.4111625272894,512.6959228515625,60256100,0.0,0.0,0.0
2024-03-22 00:00:00-04:00,512.6075524976269,513.0984524678242,511.48828618374193,511.7239685058594,79070800,0.0,0.0,0.0
2024-03-25 00:00:00-04:00,510.3396035020047,511.46869741749754,510.15305911399236,510.3101806640625,48512100,0.0,0.0,0.0
2024-03-26 00:00:00-04:00,511.7435537767085,512.0872197037324,508.96510314507884,509.36761474609375,65463700,0.0,0.0,0.0
2024-03-27 00:00:00-04:00,512.2149257081124,513.6876257832557,510.03529843625415,513.6483154296875,82999800,0.0,0.0,0.0
2024-03-28 00:00:00-04:00,513.687637290367,515.0621214366988,513.2654704502872,513.5501708984375,96294900,0.0,0.0,0.0
2024-04-01 00:00:00-04:00,514.2962652111693,514.8362431784628,511.4882719174824,512.6566162109375,62477500,0.0,0.0,0.0
2024-04-02 00:00:00-04:00,508.80803978701164,509.5345622239305,507.0800621401136,509.39715576171875,74230300,0.0,0.0,0.0
2024-04-03 00:00:00-04:00,508.2974512119765,511.46870586053615,508.248373198387,509.9566955566406,59155800,0.0,0.0,0.0
2024-04-04 00:00:00-04:00,513.9919383481855,514.3355443672095,503.42776110615574,503.73211669921875,96858100,0.0,0.0,0.0
2024-04-05 00:00:00-04:00,505.09679005886454,510.9679341913057,504.65496812605966,508.9945068359375,74546500,0.0,0.0,0.0
2024-04-08 00:00:00-04:00,509.7014625472124,510.7126853242271,508.46438503558613,509.27923583984375,48401800,0.0,0.0,0.0
2024-04-09 00:00:00-04:00,511.02689448211964,511.2723444794694,504.9888005775902,509.8683776855469,68049200,0.0,0.0,0.0
2024-04-10 00:00:00-04:00,504.1346036402,506.7658202343314,502.76994729416265,504.7629699707031,82652800,0.0,0.0,0.0
2024-04-11 00:00:00-04:00,506.2946045595045,510.0254324843754,502.7601486147457,508.5723876953125,70099000,0.0,0.0,0.0
2024-04-12 00:00:00-04:00,505.0084151327042,506.43203698768644,499.8146852171386,501.552490234375,92561100,0.0,0.0,0.0
2024-04-15 00:00:00-04:00,505.754597894728,505.92148710242344,494.41479083445734,495.26898193359375,92101400,0.0,0.0,0.0
2024-04-16 00:00:00-04:00,495.7500641672951,497.2816696769287,493.069739544358,494.36572265625,73484000,0.0,0.0,0.0
2024-04-17 00:00:00-04:00,496.8398101510921,497.006729311642,490.0359442713596,491.4399108886719,75910300,0.0,0.0,0.0
2024-04-18 00:00:00-04:00,492.8439604399473,494.9548243860695,489.4861913543406,490.4287109375,74548100,0.0,0.0,0.0
2024-04-19 00:00:00-04:00,490.3501431336925,491.3515682426223,484.8716829276253,486.1480407714844,102212600,0.0,0.0,0.0
2024-04-22 00:00:00-04:00,488.7694143879392,493.2366217580954,486.4131007006177,490.6250305175781,67961000,0.0,0.0,0.0
2024-04-23 00:00:00-04:00,492.6475522211574,496.879107389729,490.4385024479616,496.4471130371094,64633600,0.0,0.0,0.0
2024-04-24 00:00:00-04:00,497.3405506993321,498.13580621456754,493.9729842620111,496.21148681640625,55928100,0.0,0.0,0.0
2024-04-25 00:00:00-04:00,490.09489115170555,495.0922492946256,488.4356468415974,494.3264465332031,69122400,0.0,0.0,0.0
>>>>>>> b79efe5cdc8e019e16d80e3b355d2d840fc29340
2024-04-26 00:00:00-04:00,497.1344324900181,500.60018526711485,496.4962684869457,499.0096740722656,64306100,0.0,0.0,0.0
2024-04-29 00:00:00-04:00,500.80633878668806,501.4543303567636,498.01803049137214,500.7768859863281,46415400,0.0,0.0,0.0
2024-04-30 00:00:00-04:00,499.3041633757631,500.28596329273006,492.84393310546875,492.84393310546875,77483600,0.0,0.0,0.0
2024-05-01 00:00:00-04:00,492.2548745985235,498.9409300087414,490.7723470533853,491.2436218261719,80242800,0.0,0.0,0.0
2024-05-02 00:00:00-04:00,494.9744207054676,496.6827729302825,490.4581351081365,495.8384094238281,62550200,0.0,0.0,0.0
<<<<<<< HEAD
2024-05-03 00:00:00-04:00,501.85688879465766,503.22157520671925,499.30420281647224,501.9845275878906,72756700,0.0,0.0,0.0
2024-05-06 00:00:00-04:00,504.39965230626683,507.20758538058146,503.957830406977,507.1683349609375,47264700,0.0,0.0,0.0
2024-05-07 00:00:00-04:00,508.1404276179621,509.1320552488145,507.0506439525837,507.72808837890625,52561300,0.0,0.0,0.0
2024-05-08 00:00:00-04:00,505.8822633711224,508.3171081269149,505.76445216837857,507.7771301269531,42047200,0.0,0.0,0.0
2024-05-09 00:00:00-04:00,507.96368047697825,510.74219121029387,507.30589126655696,510.702880859375,43643700,0.0,0.0,0.0
2024-05-10 00:00:00-04:00,512.3130349714144,513.1279457174053,510.1334678228607,511.3607177734375,52233200,0.0,0.0,0.0
2024-05-13 00:00:00-04:00,513.0493455868614,513.1573291923936,510.2806627198221,511.4293518066406,36716400,0.0,0.0,0.0
2024-05-14 00:00:00-04:00,511.6257954945224,514.2963227171578,511.08581746685115,513.7759399414062,57535900,0.0,0.0,0.0
2024-05-15 00:00:00-04:00,516.2598787440616,520.432528485142,515.621684813936,520.1380004882812,59504900,0.0,0.0,0.0
2024-05-16 00:00:00-04:00,520.2361543782758,521.8463206535929,518.9205160986112,519.0678100585938,50244800,0.0,0.0,0.0
2024-05-17 00:00:00-04:00,519.1856594923631,519.8827590703391,517.722787069295,519.8140258789062,59187600,0.0,0.0,0.0
2024-05-20 00:00:00-04:00,519.9318304224834,521.8856028241897,519.5390864548481,520.4129028320312,37764200,0.0,0.0,0.0
2024-05-21 00:00:00-04:00,519.6471082263093,521.846330534573,519.440908663292,521.689208984375,33437000,0.0,0.0,0.0
2024-05-22 00:00:00-04:00,520.9922170155929,521.7089118715144,517.9976789436778,520.1871337890625,48390000,0.0,0.0,0.0
2024-05-23 00:00:00-04:00,523.260111709731,523.3680953200814,515.1700299587022,516.3875122070312,57211200,0.0,0.0,0.0
2024-05-24 00:00:00-04:00,518.2431108375699,520.6191100051178,517.2907935924079,519.80419921875,41291100,0.0,0.0,0.0
2024-05-28 00:00:00-04:00,520.6191300630942,520.8547524864671,517.5166083571662,520.16748046875,36269600,0.0,0.0,0.0
2024-05-29 00:00:00-04:00,516.1126241518484,517.7129629685619,515.808268544491,516.5249633789062,45190300,0.0,0.0,0.0
2024-05-30 00:00:00-04:00,514.9736598824827,515.6412765680255,511.84171606506055,513.098388671875,46377600,0.0,0.0,0.0
2024-05-31 00:00:00-04:00,514.0607384203843,517.8995504274671,508.9258831718724,517.7719116210938,90785800,0.0,0.0,0.0
2024-06-03 00:00:00-04:00,519.3917967524706,519.6764971476924,513.0885983159723,518.1939697265625,46835700,0.0,0.0,0.0
2024-06-04 00:00:00-04:00,516.8783878118635,519.5194318932624,515.4056879878339,518.7732543945312,34632700,0.0,0.0,0.0
2024-06-05 00:00:00-04:00,521.1099809761525,524.9586200186185,519.1070707176025,524.93896484375,47610400,0.0,0.0,0.0
2024-06-06 00:00:00-04:00,525.2433213604766,525.6753157381511,522.9851934462151,524.9291381835938,30808500,0.0,0.0,0.0
2024-06-07 00:00:00-04:00,523.9473496782516,527.1186043544275,522.8477384972871,524.291015625,43224500,0.0,0.0,0.0
2024-06-10 00:00:00-04:00,523.4761049380284,526.2349604784921,522.8772213334454,525.9109497070312,35686100,0.0,0.0,0.0
2024-06-11 00:00:00-04:00,524.3498409029419,527.2363347918784,522.3665860762226,527.1774291992188,36383400,0.0,0.0,0.0
2024-06-12 00:00:00-04:00,531.7723683741217,534.2170409222175,530.4665575226765,531.5072631835938,63251300,0.0,0.0,0.0
2024-06-13 00:00:00-04:00,533.26466452504,533.4413813243644,529.7694591150035,532.577392578125,44760900,0.0,0.0,0.0
2024-06-14 00:00:00-04:00,531.0359842688257,532.930851061761,530.0247015137712,532.9014282226562,40089900,0.0,0.0,0.0
2024-06-17 00:00:00-04:00,532.2141659312891,538.5467879774599,531.7526887661769,537.1427612304688,55839500,0.0,0.0,0.0
2024-06-18 00:00:00-04:00,537.2016964607528,538.635146126439,536.7795296243012,538.5075073242188,41376400,0.0,0.0,0.0
2024-06-20 00:00:00-04:00,539.4401498632659,540.1077666172325,535.2576726206614,537.0445556640625,70328200,0.0,0.0,0.0
2024-06-21 00:00:00-04:00,536.2161919571165,537.4474010127514,534.8569323502853,536.3245239257812,64338600,1.759,0.0,0.0
2024-06-24 00:00:00-04:00,536.1473013161042,538.7279109967009,534.4629854837117,534.5811767578125,45528700,0.0,0.0,0.0
2024-06-25 00:00:00-04:00,535.8123714938099,537.004203612723,534.2856841465313,536.6397705078125,37936200,0.0,0.0,0.0
2024-06-26 00:00:00-04:00,535.5169224493349,538.0285772692542,534.8668704239683,537.3095703125,38550600,0.0,0.0,0.0
2024-06-27 00:00:00-04:00,537.1716488426333,538.7377734099973,536.4230640239002,538.1566162109375,35041500,0.0,0.0,0.0
2024-06-28 00:00:00-04:00,538.9347470490513,542.00790070753,534.7880726863442,536.0389404296875,76144500,0.0,0.0,0.0
2024-07-01 00:00:00-04:00,537.4277087162804,537.6739505394513,534.3644748642668,537.14208984375,40297800,0.0,0.0,0.0
2024-07-02 00:00:00-04:00,535.5267231112665,540.7568969726562,535.4774867707054,540.7568969726562,40434800,0.0,0.0,0.0
2024-07-03 00:00:00-04:00,540.4417262410547,543.5345380828469,540.4023491902368,543.1701049804688,32789900,0.0,0.0,0.0
2024-07-05 00:00:00-04:00,543.4755163543664,546.7061783721721,542.8352634562917,546.3023681640625,41488400,0.0,0.0,0.0
2024-07-08 00:00:00-04:00,547.0903075936609,547.8881288012321,545.8590983154559,546.9327392578125,36110500,0.0,0.0,0.0
2024-07-09 00:00:00-04:00,547.8979265962074,548.804079690317,547.1690604041432,547.4645385742188,27289700,0.0,0.0,0.0
2024-07-10 00:00:00-04:00,548.6957250344957,553.2265504354008,548.4002468766333,552.8818359375,38701200,0.0,0.0,0.0
2024-07-11 00:00:00-04:00,553.0000222525385,553.8766575443788,547.4743703382464,548.1145629882812,53054200,0.0,0.0,0.0
2024-07-12 00:00:00-04:00,549.2473907163162,555.1965723285925,548.7746255893551,551.5718994140625,53084400,0.0,0.0,0.0
2024-07-15 00:00:00-04:00,553.5812287923791,556.3489846422507,551.2172831044048,553.0887451171875,40584300,0.0,0.0,0.0
2024-07-16 00:00:00-04:00,554.4085769027762,556.664130530242,553.650132792749,556.36865234375,36475300,0.0,0.0,0.0
2024-07-17 00:00:00-04:00,550.3997127297722,552.0840284475104,548.2426319478126,548.5676879882812,57119000,0.0,0.0,0.0
2024-07-18 00:00:00-04:00,550.1142077590101,551.1090345523183,542.1556535301899,544.3521118164062,56270400,0.0,0.0,0.0
2024-07-19 00:00:00-04:00,544.1156132058904,545.7506925722541,539.6734011116428,540.7371826171875,65509100,0.0,0.0,0.0
2024-07-22 00:00:00-04:00,544.686974560121,546.9228698054537,542.7367583373153,546.3121948242188,43346700,0.0,0.0,0.0
2024-07-23 00:00:00-04:00,546.2037248169792,548.3706648208323,544.96271656342,545.4552001953125,34439600,0.0,0.0,0.0
2024-07-24 00:00:00-04:00,540.6091160403827,540.9144534863593,532.1679394058027,533.0938110351562,74515300,0.0,0.0,0.0
2024-07-25 00:00:00-04:00,533.2120908102739,539.2302874589092,529.3707539281593,530.3162841796875,61158300,0.0,0.0,0.0
2024-07-26 00:00:00-04:00,534.1281122545862,538.9642753902813,533.3499495890577,536.255615234375,53763800,0.0,0.0,0.0
2024-07-29 00:00:00-04:00,537.8119303855352,538.8264155678667,534.561489802525,536.5708618164062,39515800,0.0,0.0,0.0
2024-07-30 00:00:00-04:00,538.0482653827025,539.1120469361489,530.4246278378796,533.852294921875,46853600,0.0,0.0,0.0
2024-07-31 00:00:00-04:00,540.7272783335964,545.1793493491198,539.3483603136782,542.52978515625,65663400,0.0,0.0,0.0
2024-08-01 00:00:00-04:00,544.2633919827645,546.5288047650866,531.3209071419874,534.8471069335938,76428700,0.0,0.0,0.0
=======
2024-05-03 00:00:00-04:00,501.8568277750207,503.22151402115315,499.30414210721057,501.9844665527344,72756700,0.0,0.0,0.0
2024-05-06 00:00:00-04:00,504.3997433592057,507.2076769404012,503.9579213801593,507.1684265136719,47264700,0.0,0.0,0.0
2024-05-07 00:00:00-04:00,508.1403970755998,509.1320246468493,507.0506134757241,507.7280578613281,52561300,0.0,0.0,0.0
2024-05-08 00:00:00-04:00,505.8822329674264,508.3170775768839,505.764421771763,507.777099609375,42047200,0.0,0.0,0.0
2024-05-09 00:00:00-04:00,507.9636501230838,510.7421606903667,507.3058609519694,510.7028503417969,43643700,0.0,0.0,0.0
2024-05-10 00:00:00-04:00,512.3130349714144,513.1279457174053,510.1334678228607,511.3607177734375,52233200,0.0,0.0,0.0
2024-05-13 00:00:00-04:00,513.0493455868614,513.1573291923936,510.2806627198221,511.4293518066406,36716400,0.0,0.0,0.0
2024-05-14 00:00:00-04:00,511.62573471479726,514.2962616201814,511.08575675127395,513.77587890625,57535900,0.0,0.0,0.0
2024-05-15 00:00:00-04:00,516.2599393241429,520.4325895548594,515.621745319129,520.1380615234375,59504900,0.0,0.0,0.0
2024-05-16 00:00:00-04:00,520.2360932057385,521.8462592917225,518.9204550807748,519.0677490234375,50244800,0.0,0.0,0.0
2024-05-17 00:00:00-04:00,519.1855375696127,519.8826369838857,517.7226654900777,519.8139038085938,59187600,0.0,0.0,0.0
2024-05-20 00:00:00-04:00,519.9317694437484,521.885541616312,519.5390255221749,520.412841796875,37764200,0.0,0.0,0.0
2024-05-21 00:00:00-04:00,519.6471690225495,521.8463915881117,519.4409694354079,521.6892700195312,33437000,0.0,0.0,0.0
2024-05-22 00:00:00-04:00,520.9921558859738,521.7088506578033,517.997618165417,520.1870727539062,48390000,0.0,0.0,0.0
2024-05-23 00:00:00-04:00,523.260111709731,523.3680953200814,515.1700299587022,516.3875122070312,57211200,0.0,0.0,0.0
2024-05-24 00:00:00-04:00,518.2431108375699,520.6191100051178,517.2907935924079,519.80419921875,41291100,0.0,0.0,0.0
2024-05-28 00:00:00-04:00,520.6190689749426,520.8546913706681,517.5165476330567,520.1674194335938,36269600,0.0,0.0,0.0
2024-05-29 00:00:00-04:00,516.1126241518484,517.7129629685619,515.808268544491,516.5249633789062,45190300,0.0,0.0,0.0
2024-05-30 00:00:00-04:00,514.9737211407102,515.6413379056687,511.84177695073043,513.0984497070312,46377600,0.0,0.0,0.0
2024-05-31 00:00:00-04:00,514.0605566273392,517.8993672768601,508.92570319472355,517.771728515625,90785800,0.0,0.0,0.0
2024-06-03 00:00:00-04:00,519.391857928712,519.6765583574672,513.0886587497955,518.1940307617188,46835700,0.0,0.0,0.0
2024-06-04 00:00:00-04:00,516.8784486240833,519.5194930162086,515.4057486267862,518.7733154296875,34632700,0.0,0.0,0.0
2024-06-05 00:00:00-04:00,521.109920386196,524.9585589811769,519.1070103605261,524.9389038085938,47610400,0.0,0.0,0.0
2024-06-06 00:00:00-04:00,525.2433213604766,525.6753157381511,522.9851934462151,524.9291381835938,30808500,0.0,0.0,0.0
2024-06-07 00:00:00-04:00,523.9473496782516,527.1186043544275,522.8477384972871,524.291015625,43224500,0.0,0.0,0.0
2024-06-10 00:00:00-04:00,523.4761049380284,526.2349604784921,522.8772213334454,525.9109497070312,35686100,0.0,0.0,0.0
2024-06-11 00:00:00-04:00,524.3499016107278,527.2363958338547,522.3666465543927,527.177490234375,36383400,0.0,0.0,0.0
2024-06-12 00:00:00-04:00,531.7723683741217,534.2170409222175,530.4665575226765,531.5072631835938,63251300,0.0,0.0,0.0
2024-06-13 00:00:00-04:00,533.26460341112,533.4413201901922,529.7693984016458,532.5773315429688,44760900,0.0,0.0,0.0
2024-06-14 00:00:00-04:00,531.0359234473256,532.9307900232349,530.024640808097,532.9013671875,40089900,0.0,0.0,0.0
2024-06-17 00:00:00-04:00,532.2141054561657,538.5467267827651,531.7526283434909,537.1427001953125,55839500,0.0,0.0,0.0
2024-06-18 00:00:00-04:00,537.2015746864449,538.635024027193,536.7794079456912,538.5073852539062,41376400,0.0,0.0,0.0
2024-06-20 00:00:00-04:00,539.4401498632659,540.1077666172325,535.2576726206614,537.0445556640625,70328200,0.0,0.0,0.0
2024-06-21 00:00:00-04:00,536.2162529799443,537.447462175694,534.8569932184257,536.3245849609375,64338600,1.759,0.0,0.0
2024-06-24 00:00:00-04:00,536.1472401021375,538.7278494880962,534.4629244620497,534.5811157226562,45528700,0.0,0.0,0.0
2024-06-25 00:00:00-04:00,535.8123714938099,537.004203612723,534.2856841465313,536.6397705078125,37936200,0.0,0.0,0.0
2024-06-26 00:00:00-04:00,535.5169224493349,538.0285772692542,534.8668704239683,537.3095703125,38550600,0.0,0.0,0.0
2024-06-27 00:00:00-04:00,537.1716488426333,538.7377734099973,536.4230640239002,538.1566162109375,35041500,0.0,0.0,0.0
2024-06-28 00:00:00-04:00,538.934685684169,542.0078389927284,534.7880117936159,536.0388793945312,76144500,0.0,0.0,0.0
2024-07-01 00:00:00-04:00,537.4277087162804,537.6739505394513,534.3644748642668,537.14208984375,40297800,0.0,0.0,0.0
2024-07-02 00:00:00-04:00,535.5267231112665,540.7568969726562,535.4774867707054,540.7568969726562,40434800,0.0,0.0,0.0
2024-07-03 00:00:00-04:00,540.4417262410547,543.5345380828469,540.4023491902368,543.1701049804688,32789900,0.0,0.0,0.0
2024-07-05 00:00:00-04:00,543.475394915709,546.7060562116288,542.8351421606977,546.30224609375,41488400,0.0,0.0,0.0
2024-07-08 00:00:00-04:00,547.0902465409208,547.8880676594589,545.859037400113,546.9326782226562,36110500,0.0,0.0,0.0
2024-07-09 00:00:00-04:00,547.8979876796808,548.8041408748146,547.1691214063575,547.464599609375,27289700,0.0,0.0,0.0
2024-07-10 00:00:00-04:00,548.695785607528,553.2266115086117,548.4003074170465,552.8818969726562,38701200,0.0,0.0,0.0
2024-07-11 00:00:00-04:00,553.0000222525385,553.8766575443788,547.4743703382464,548.1145629882812,53054200,0.0,0.0,0.0
2024-07-12 00:00:00-04:00,549.2473299383824,555.1965108923417,548.774564863736,551.5718383789062,53084400,0.0,0.0,0.0
2024-07-15 00:00:00-04:00,553.5812898818825,556.3490460371851,551.217343933039,553.0888061523438,40584300,0.0,0.0,0.0
2024-07-16 00:00:00-04:00,554.4085160826455,556.664069462671,553.6500720558217,556.3685913085938,36475300,0.0,0.0,0.0
2024-07-17 00:00:00-04:00,550.3997739687646,552.0840898739044,548.2426929468022,548.5677490234375,57119000,0.0,0.0,0.0
2024-07-18 00:00:00-04:00,550.1141460777824,551.1089727595462,542.1555927413102,544.35205078125,56270400,0.0,0.0,0.0
2024-07-19 00:00:00-04:00,544.1156132058904,545.7506925722541,539.6734011116428,540.7371826171875,65509100,0.0,0.0,0.0
2024-07-22 00:00:00-04:00,544.686974560121,546.9228698054537,542.7367583373153,546.3121948242188,43346700,0.0,0.0,0.0
2024-07-23 00:00:00-04:00,546.2036636980647,548.3706034594423,544.9626555833715,545.4551391601562,34439600,0.0,0.0,0.0
2024-07-24 00:00:00-04:00,540.6091160403827,540.9144534863593,532.1679394058027,533.0938110351562,74515300,0.0,0.0,0.0
2024-07-25 00:00:00-04:00,533.2120908102739,539.2302874589092,529.3707539281593,530.3162841796875,61158300,0.0,0.0,0.0
2024-07-26 00:00:00-04:00,534.1280514615765,538.9642140468326,533.3498888846163,536.2555541992188,53763800,0.0,0.0,0.0
2024-07-29 00:00:00-04:00,537.8119303855352,538.8264155678667,534.561489802525,536.5708618164062,39515800,0.0,0.0,0.0
2024-07-30 00:00:00-04:00,538.0482038678223,539.1119852996469,530.4245671946074,533.8522338867188,46853600,0.0,0.0,0.0
2024-07-31 00:00:00-04:00,540.7273391659687,545.1794106823547,539.3484209909209,542.5298461914062,65663400,0.0,0.0,0.0
2024-08-01 00:00:00-04:00,544.263454092479,546.5288671333234,531.3209677747442,534.84716796875,76428700,0.0,0.0,0.0
>>>>>>> b79efe5cdc8e019e16d80e3b355d2d840fc29340
2024-08-02 00:00:00-04:00,527.6962318838754,528.9175817191577,520.6536916296925,524.8890991210938,82789100,0.0,0.0,0.0
2024-08-05 00:00:00-04:00,503.9486837915283,515.7091957580305,502.59925334114575,509.6023864746094,146267400,0.0,0.0,0.0
2024-08-06 00:00:00-04:00,511.41471300744325,521.7864479457752,510.08503114656577,514.3007202148438,84826300,0.0,0.0,0.0
<<<<<<< HEAD
2024-08-07 00:00:00-04:00,520.5257179492945,523.5988716926946,510.2623739827262,510.8631896972656,70698300,0.0,0.0,0.0
2024-08-08 00:00:00-04:00,516.0342428735453,523.3033070779303,513.9954132638433,522.6729736328125,63276600,0.0,0.0,0.0
2024-08-09 00:00:00-04:00,521.8455939760821,526.4749529409472,520.6143846831733,524.977783203125,45619600,0.0,0.0,0.0
2024-08-12 00:00:00-04:00,526.1794728639009,527.6765824787605,522.9684694205855,525.2536010742188,42542100,0.0,0.0,0.0
2024-08-13 00:00:00-04:00,528.4645431825097,534.1281052524308,528.2183013533827,533.8916625976562,52333100,0.0,0.0,0.0
2024-08-14 00:00:00-04:00,534.6894331862461,536.7677597170589,532.0004919039518,535.575927734375,42446900,0.0,0.0,0.0
=======
2024-08-07 00:00:00-04:00,520.5256868545033,523.5988404143214,510.2623435010392,510.8631591796875,70698300,0.0,0.0,0.0
2024-08-08 00:00:00-04:00,516.0341826136271,523.3032459691668,513.9953532420095,522.6729125976562,63276600,0.0,0.0,0.0
2024-08-09 00:00:00-04:00,521.8455333050815,526.4748917317265,520.6143241553161,524.9777221679688,45619600,0.0,0.0,0.0
2024-08-12 00:00:00-04:00,526.1794728639009,527.6765824787605,522.9684694205855,525.2536010742188,42542100,0.0,0.0,0.0
2024-08-13 00:00:00-04:00,528.4645431825097,534.1281052524308,528.2183013533827,533.8916625976562,52333100,0.0,0.0,0.0
2024-08-14 00:00:00-04:00,534.6894941203759,536.7678208880384,532.0005525316452,535.5759887695312,42446900,0.0,0.0,0.0
>>>>>>> b79efe5cdc8e019e16d80e3b355d2d840fc29340
2024-08-15 00:00:00-04:00,541.2395189802481,545.0414782431244,540.6288440776154,544.755859375,60846800,0.0,0.0,0.0
2024-08-16 00:00:00-04:00,543.1307246146675,546.676643441067,542.9731562772823,545.977294921875,44430700,0.0,0.0,0.0
2024-08-19 00:00:00-04:00,546.3909252667271,551.1975708007812,545.5340084715398,551.1975708007812,39121800,0.0,0.0,0.0
<<<<<<< HEAD
2024-08-20 00:00:00-04:00,550.7445168615222,552.4091140848926,548.9518690734592,550.30126953125,33732300,0.0,0.0,0.0
2024-08-21 00:00:00-04:00,551.3551236817697,553.6599133261844,546.3908503843311,552.1923217773438,41514600,0.0,0.0,0.0
2024-08-22 00:00:00-04:00,554.1032400719556,554.7139150306325,546.6371705904586,547.8585205078125,56121500,0.0,0.0,0.0
2024-08-23 00:00:00-04:00,551.1188572535754,554.6253389142347,548.9124797023921,553.6797485351562,50639400,0.0,0.0,0.0
2024-08-26 00:00:00-04:00,554.713888571281,555.4328954778962,550.6459687265464,552.3598022460938,35788600,0.0,0.0,0.0
2024-08-27 00:00:00-04:00,551.0793964176761,553.610769828711,549.9270014022125,553.1182861328125,32693900,0.0,0.0,0.0
2024-08-28 00:00:00-04:00,552.7735150452922,553.2069030580539,546.6962235748978,549.9072265625,41066000,0.0,0.0,0.0
2024-08-29 00:00:00-04:00,551.88710078259,555.2064362272188,548.8041479034026,549.95654296875,38715200,0.0,0.0,0.0
2024-08-30 00:00:00-04:00,552.3401314750681,555.7185620963827,548.7646953704351,555.2063598632812,62700100,0.0,0.0,0.0
2024-09-03 00:00:00-04:00,552.0445916444628,552.3795069769291,541.2493885534014,543.78076171875,60600100,0.0,0.0,0.0
2024-09-04 00:00:00-04:00,541.9290601155072,546.0954528615584,541.2001938790256,542.6677856445312,47224900,0.0,0.0,0.0
2024-09-05 00:00:00-04:00,542.6086874774144,545.4749160649053,538.875622679528,541.347900390625,44264300,0.0,0.0,0.0
2024-09-06 00:00:00-04:00,541.6729424455356,543.3079617814396,531.3307853548916,532.2369384765625,68493800,0.0,0.0,0.0
2024-09-09 00:00:00-04:00,536.46249184752,539.4764895373146,534.5220749045959,538.1959838867188,40445800,0.0,0.0,0.0
2024-09-10 00:00:00-04:00,540.116632425003,540.8947950359166,535.2115147063951,540.5401611328125,36394600,0.0,0.0,0.0
2024-09-11 00:00:00-04:00,540.4515870073689,547.0114429857031,531.8429821458573,546.0855712890625,75248600,0.0,0.0,0.0
2024-09-12 00:00:00-04:00,546.6667411644733,550.9907622799467,544.430846031605,550.6854248046875,51819600,0.0,0.0,0.0
2024-09-13 00:00:00-04:00,551.2961105010037,554.5662093965458,551.0400093649616,553.5615234375,39310500,0.0,0.0,0.0
2024-09-16 00:00:00-04:00,553.2955891224333,554.6449896789841,551.483282734757,554.3790893554688,36656100,0.0,0.0,0.0
2024-09-17 00:00:00-04:00,556.6049820887653,558.062774533223,552.3597755455934,554.6055297851562,49321000,0.0,0.0,0.0
2024-09-18 00:00:00-04:00,555.2654832884236,560.1410836858305,552.3992547567514,552.960693359375,59044900,0.0,0.0,0.0
2024-09-19 00:00:00-04:00,562.4261843206043,564.2680683514808,559.5402373625056,562.3966064453125,75315500,0.0,0.0,0.0
2024-09-20 00:00:00-04:00,561.0193287525613,562.4716426757624,558.381356452098,561.4243774414062,77503100,1.746,0.0,0.0
2024-09-23 00:00:00-04:00,562.5013997902016,563.4794987580368,561.2762433950409,562.827392578125,44116900,0.0,0.0,0.0
2024-09-24 00:00:00-04:00,563.6277083354797,564.4971431139204,560.7822963882264,564.4378662109375,46805700,0.0,0.0,0.0
2024-09-25 00:00:00-04:00,564.2796944865338,565.020685767149,562.0764394067945,563.19287109375,38428600,0.0,0.0,0.0
=======
2024-08-20 00:00:00-04:00,550.7445779458401,552.4091753538346,548.9519299589504,550.3013305664062,33732300,0.0,0.0,0.0
2024-08-21 00:00:00-04:00,551.3551846243884,553.6599745235571,546.3909107782366,552.1923828125,41514600,0.0,0.0,0.0
2024-08-22 00:00:00-04:00,554.1032400719556,554.7139150306325,546.6371705904586,547.8585205078125,56121500,0.0,0.0,0.0
2024-08-23 00:00:00-04:00,551.1188572535754,554.6253389142347,548.9124797023921,553.6797485351562,50639400,0.0,0.0,0.0
2024-08-26 00:00:00-04:00,554.713888571281,555.4328954778962,550.6459687265464,552.3598022460938,35788600,0.0,0.0,0.0
2024-08-27 00:00:00-04:00,551.079335607506,553.6107087392104,549.9269407192061,553.1182250976562,32693900,0.0,0.0,0.0
2024-08-28 00:00:00-04:00,552.7735763985828,553.2069644594469,546.6962842536592,549.9072875976562,41066000,0.0,0.0,0.0
2024-08-29 00:00:00-04:00,551.886978283764,555.2063129916213,548.8040260888799,549.9564208984375,38715200,0.0,0.0,0.0
2024-08-30 00:00:00-04:00,552.3401314750681,555.7185620963827,548.7646953704351,555.2063598632812,62700100,0.0,0.0,0.0
2024-09-03 00:00:00-04:00,552.0446536071696,552.3795689772274,541.2494493044308,543.7808227539062,60600100,0.0,0.0,0.0
2024-09-04 00:00:00-04:00,541.9289382113673,546.09533002021,541.2000721388404,542.6676635742188,47224900,0.0,0.0,0.0
2024-09-05 00:00:00-04:00,542.6086263001087,545.4748545644419,538.8755619231126,541.3478393554688,44264300,0.0,0.0,0.0
2024-09-06 00:00:00-04:00,541.6729424455356,543.3079617814396,531.3307853548916,532.2369384765625,68493800,0.0,0.0,0.0
2024-09-09 00:00:00-04:00,536.46249184752,539.4764895373146,534.5220749045959,538.1959838867188,40445800,0.0,0.0,0.0
2024-09-10 00:00:00-04:00,540.1166934123364,540.8948561111164,535.2115751398666,540.5402221679688,36394600,0.0,0.0,0.0
2024-09-11 00:00:00-04:00,540.4515870073689,547.0114429857031,531.8429821458573,546.0855712890625,75248600,0.0,0.0,0.0
2024-09-12 00:00:00-04:00,546.6666805747274,550.9907012109484,544.4307856896743,550.6853637695312,51819600,0.0,0.0,0.0
2024-09-13 00:00:00-04:00,551.2960497156297,554.5661482506139,551.0399486078251,553.5614624023438,39310500,0.0,0.0,0.0
2024-09-16 00:00:00-04:00,553.2955282065665,554.6449286145531,551.4832220184187,554.3790283203125,36656100,0.0,0.0,0.0
2024-09-17 00:00:00-04:00,556.6049820887653,558.062774533223,552.3597755455934,554.6055297851562,49321000,0.0,0.0,0.0
2024-09-18 00:00:00-04:00,555.2654832884236,560.1410836858305,552.3992547567514,552.960693359375,59044900,0.0,0.0,0.0
2024-09-19 00:00:00-04:00,562.4261843206043,564.2680683514808,559.5402373625056,562.3966064453125,75315500,0.0,0.0,0.0
2024-09-20 00:00:00-04:00,561.0194507348042,562.4717649737814,558.3814778607674,561.4244995117188,77503100,1.746,0.0,0.0
2024-09-23 00:00:00-04:00,562.5013997902016,563.4794987580368,561.2762433950409,562.827392578125,44116900,0.0,0.0,0.0
2024-09-24 00:00:00-04:00,563.6276473879294,564.4970820723543,560.7822357483631,564.4378051757812,46805700,0.0,0.0,0.0
2024-09-25 00:00:00-04:00,564.2797556394728,565.0207470003917,562.0765003209592,563.1929321289062,38428600,0.0,0.0,0.0
>>>>>>> b79efe5cdc8e019e16d80e3b355d2d840fc29340
2024-09-26 00:00:00-04:00,567.4808141228361,567.8068671978508,563.0546451370627,565.42578125,48336000,0.0,0.0,0.0
2024-09-27 00:00:00-04:00,566.5027553128888,567.3227423718845,563.5683980340395,564.6057739257812,42100900,0.0,0.0,0.0
2024-09-30 00:00:00-04:00,563.5683780406285,567.4808341729492,561.2565187412819,566.8682861328125,63557400,0.0,0.0,0.0
2024-10-01 00:00:00-04:00,566.5125916827218,567.1646375157011,559.2014531566817,561.7899780273438,72668800,0.0,0.0,0.0
2024-10-02 00:00:00-04:00,560.8910099759402,563.0547073454915,558.4803154651253,562.0271606445312,38097800,0.0,0.0,0.0
<<<<<<< HEAD
2024-10-03 00:00:00-04:00,560.5451373731803,562.9558317101478,558.6976037139259,560.9996337890625,40846500,0.0,0.0,0.0
2024-10-04 00:00:00-04:00,565.475218643551,566.4730967206212,561.2762673344769,566.09765625,42939100,0.0,0.0,0.0
2024-10-07 00:00:00-04:00,564.4378181494166,565.0899243287395,559.8239287376792,560.9798583984375,49964700,0.0,0.0,0.0
2024-10-08 00:00:00-04:00,563.5683710395065,566.8880581569168,562.6891071231569,566.2853393554688,37398700,0.0,0.0,0.0
2024-10-09 00:00:00-04:00,566.2754067507159,570.7708022277346,565.672748297138,570.2076416015625,37912200,0.0,0.0,0.0
2024-10-10 00:00:00-04:00,568.8542384644867,570.642495490538,567.5895840604959,569.2098999023438,44138100,0.0,0.0,0.0
=======
2024-10-03 00:00:00-04:00,560.5451983588887,562.9558929581327,558.6976644986279,560.9996948242188,40846500,0.0,0.0,0.0
2024-10-04 00:00:00-04:00,565.475218643551,566.4730967206212,561.2762673344769,566.09765625,42939100,0.0,0.0,0.0
2024-10-07 00:00:00-04:00,564.4378795608022,565.0899858110749,559.8239896470692,560.9799194335938,49964700,0.0,0.0,0.0
2024-10-08 00:00:00-04:00,563.5684317818234,566.888119257035,562.6891677707054,566.285400390625,37398700,0.0,0.0,0.0
2024-10-09 00:00:00-04:00,566.2755279792137,570.7709244186087,565.6728693966185,570.207763671875,37912200,0.0,0.0,0.0
2024-10-10 00:00:00-04:00,568.8541774674673,570.6424343017676,567.5895231990827,569.2098388671875,44138100,0.0,0.0,0.0
>>>>>>> b79efe5cdc8e019e16d80e3b355d2d840fc29340
2024-10-11 00:00:00-04:00,569.1307797527231,573.3593995994619,568.9924468862521,572.618408203125,42268000,0.0,0.0,0.0
2024-10-14 00:00:00-04:00,574.2386520785454,578.2400537803853,573.7545473576104,577.3014526367188,36217200,0.0,0.0,0.0
2024-10-15 00:00:00-04:00,577.5682010903995,577.8744751013033,571.5908226582608,572.8159790039062,54203600,0.0,0.0,0.0
2024-10-16 00:00:00-04:00,572.8159741665754,575.8293268875105,572.005816398955,575.3056640625,30725400,0.0,0.0,0.0
2024-10-17 00:00:00-04:00,578.8723393317706,579.0798386340441,575.1673823042536,575.3551025390625,34393700,0.0,0.0,0.0
2024-10-18 00:00:00-04:00,577.0544029951151,578.3585549441526,575.5823098994521,577.5681762695312,37416800,0.0,0.0,0.0
2024-10-21 00:00:00-04:00,576.8370795083325,577.8250680389981,573.6261167836691,576.6197509765625,36439000,0.0,0.0,0.0
<<<<<<< HEAD
2024-10-22 00:00:00-04:00,574.070784100358,577.4793569502931,573.4088485997169,576.3135375976562,34183800,0.0,0.0,0.0
2024-10-23 00:00:00-04:00,574.2781657865612,574.722772641486,567.5202983769775,571.0474243164062,49314600,0.0,0.0,0.0
2024-10-24 00:00:00-04:00,573.0135725724089,573.0926285399634,569.644558193077,572.282470703125,34979900,0.0,0.0,0.0
2024-10-25 00:00:00-04:00,574.5252631127809,577.4398415567764,571.1364694352268,572.0848999023438,47268200,0.0,0.0,0.0
2024-10-28 00:00:00-04:00,575.5824346975934,575.7108780440467,573.5471805256955,573.8534545898438,30174700,0.0,0.0,0.0
2024-10-29 00:00:00-04:00,572.885062269683,575.9083044283614,571.4821355952707,574.7820434570312,42899700,0.0,0.0,0.0
2024-10-30 00:00:00-04:00,574.3078679687578,576.3135137591064,572.3318907812009,573.0432739257812,41435800,0.0,0.0,0.0
2024-10-31 00:00:00-04:00,568.646678223919,568.715844657544,561.6122046859157,561.809814453125,60182500,0.0,0.0,0.0
2024-11-01 00:00:00-04:00,564.4576349818459,568.6368073209918,563.7660309249709,564.1809692382812,45667500,0.0,0.0,0.0
=======
2024-10-22 00:00:00-04:00,574.0707233027231,577.4792957916693,573.408787872185,576.3134765625,34183800,0.0,0.0,0.0
2024-10-23 00:00:00-04:00,574.2782271670283,574.7228340694738,567.5203590351447,571.0474853515625,49314600,0.0,0.0,0.0
2024-10-24 00:00:00-04:00,573.013511459279,573.092567418402,569.6444974392598,572.2824096679688,34979900,0.0,0.0,0.0
2024-10-25 00:00:00-04:00,574.5252018172647,577.4397799503068,571.1364085012576,572.0848388671875,47268200,0.0,0.0,0.0
2024-10-28 00:00:00-04:00,575.5824346975934,575.7108780440467,573.5471805256955,573.8534545898438,30174700,0.0,0.0,0.0
2024-10-29 00:00:00-04:00,572.885062269683,575.9083044283614,571.4821355952707,574.7820434570312,42899700,0.0,0.0,0.0
2024-10-30 00:00:00-04:00,574.3078067989089,576.3134523756352,572.3318298218145,573.043212890625,41435800,0.0,0.0,0.0
2024-10-31 00:00:00-04:00,568.646678223919,568.715844657544,561.6122046859157,561.809814453125,60182500,0.0,0.0,0.0
2024-11-01 00:00:00-04:00,564.4575739167589,568.6367458037868,563.7659699347041,564.180908203125,45667500,0.0,0.0,0.0
>>>>>>> b79efe5cdc8e019e16d80e3b355d2d840fc29340
2024-11-04 00:00:00-05:00,564.319237599237,565.6233895940205,561.0687772961523,562.9656982421875,38217000,0.0,0.0,0.0
2024-11-05 00:00:00-05:00,563.884576772617,569.8125080872711,563.6672482360568,569.7730102539062,39478300,0.0,0.0,0.0
2024-11-06 00:00:00-05:00,582.122869688031,584.8200591512631,578.3586356989562,583.9407348632812,68182000,0.0,0.0,0.0
2024-11-07 00:00:00-05:00,585.9562310221482,589.4833571706318,585.8771750583134,588.455810546875,47233200,0.0,0.0,0.0
2024-11-08 00:00:00-05:00,589.0090049540793,592.4373559276506,589.0090049540793,591.0047607421875,46444900,0.0,0.0,0.0
2024-11-11 00:00:00-05:00,592.6053690098148,592.9610303908673,589.8291237873193,591.5679931640625,37586800,0.0,0.0,0.0
2024-11-12 00:00:00-05:00,591.488996030757,592.0916545922643,587.230767661652,589.7304077148438,43006100,0.0,0.0,0.0
<<<<<<< HEAD
2024-11-13 00:00:00-05:00,590.1947374477135,592.0323817472178,587.8137114857154,590.0169067382812,47388600,0.0,0.0,0.0
2024-11-14 00:00:00-05:00,590.14536863207,590.6294734066391,585.5314786698614,586.2230224609375,38904100,0.0,0.0,0.0
2024-11-15 00:00:00-05:00,582.6365800407317,583.1108555511576,576.8469815975038,578.7142944335938,75988800,0.0,0.0,0.0
2024-11-18 00:00:00-05:00,579.1785783846396,582.4093200141474,578.3092039992318,581.08544921875,37001700,0.0,0.0,0.0
2024-11-19 00:00:00-05:00,577.6867728258052,583.9406965622665,577.0149478875358,583.2095947265625,49412000,0.0,0.0,0.0
2024-11-20 00:00:00-05:00,583.2886727631445,583.69372152727,577.6077387195638,583.4072265625,50032600,0.0,0.0,0.0
2024-11-21 00:00:00-05:00,586.2724076420711,587.9717189391857,580.3938639302464,586.5391235351562,46750300,0.0,0.0,0.0
2024-11-22 00:00:00-05:00,586.529301558709,588.9894438927586,586.025478012836,588.3571166992188,38226400,0.0,0.0,0.0
2024-11-25 00:00:00-05:00,592.3188706226857,593.6427414118231,588.0507531687203,590.352783203125,42441400,0.0,0.0,0.0
2024-11-26 00:00:00-05:00,591.607548718168,594.1071887666359,590.8863363525481,593.4353637695312,45621300,0.0,0.0,0.0
=======
2024-11-13 00:00:00-05:00,590.1946763941613,592.0323205035678,587.813650678472,590.016845703125,47388600,0.0,0.0,0.0
2024-11-14 00:00:00-05:00,590.1453071885351,590.6294119127012,585.5314177067058,586.2229614257812,38904100,0.0,0.0,0.0
2024-11-15 00:00:00-05:00,582.6365800407317,583.1108555511576,576.8469815975038,578.7142944335938,75988800,0.0,0.0,0.0
2024-11-18 00:00:00-05:00,579.1785783846396,582.4093200141474,578.3092039992318,581.08544921875,37001700,0.0,0.0,0.0
2024-11-19 00:00:00-05:00,577.6867728258052,583.9406965622665,577.0149478875358,583.2095947265625,49412000,0.0,0.0,0.0
2024-11-20 00:00:00-05:00,583.2886117403912,583.6936604621411,577.607678291141,583.4071655273438,50032600,0.0,0.0,0.0
2024-11-21 00:00:00-05:00,586.272468649473,587.9717801234177,580.3939243259281,586.5391845703125,46750300,0.0,0.0,0.0
2024-11-22 00:00:00-05:00,586.5292407131672,588.9893827920057,586.0254172195599,588.3570556640625,38226400,0.0,0.0,0.0
2024-11-25 00:00:00-05:00,592.318931861111,593.6428027871202,588.0508139658752,590.3528442382812,42441400,0.0,0.0,0.0
2024-11-26 00:00:00-05:00,591.6074878710035,594.107127662382,590.8862755795608,593.435302734375,45621300,0.0,0.0,0.0
>>>>>>> b79efe5cdc8e019e16d80e3b355d2d840fc29340
2024-11-27 00:00:00-05:00,593.2475720089939,593.6328416785968,590.1057759445099,591.6371459960938,34000200,0.0,0.0,0.0
2024-11-29 00:00:00-05:00,592.4571985640151,596.1028787945397,592.1805931218427,595.3125,30177400,0.0,0.0,0.0
2024-12-02 00:00:00-05:00,595.7274713760562,597.061292199026,595.2334770642985,596.3795776367188,31746000,0.0,0.0,0.0
2024-12-03 00:00:00-05:00,596.1424148983427,596.9031250627299,595.1050389999714,596.6561279296875,26906600,0.0,0.0,0.0
2024-12-04 00:00:00-05:00,598.3554986242718,600.6080811170303,597.6836736596936,600.361083984375,42787600,0.0,0.0,0.0
2024-12-05 00:00:00-05:00,600.3610964613101,601.1712543095007,599.0174465042294,599.3731079101562,28762200,0.0,0.0,0.0
2024-12-06 00:00:00-05:00,600.1437264292612,601.7541524804552,599.7287881510366,600.50927734375,31241500,0.0,0.0,0.0
2024-12-09 00:00:00-05:00,600.3907251065754,600.558666264525,596.8241011467584,597.4168701171875,34742700,0.0,0.0,0.0
<<<<<<< HEAD
2024-12-10 00:00:00-05:00,598.09852459609,598.5233523659601,594.897451872771,595.5593872070312,37234500,0.0,0.0,0.0
=======
2024-12-10 00:00:00-05:00,598.0986471868431,598.5234750437891,594.8975738074082,595.5595092773438,37234500,0.0,0.0,0.0
>>>>>>> b79efe5cdc8e019e16d80e3b355d2d840fc29340
2024-12-11 00:00:00-05:00,598.5036997474019,601.1218330792508,598.2270340236872,600.1635131835938,28677700,0.0,0.0,0.0
2024-12-12 00:00:00-05:00,599.2940800778147,599.8670699892645,597.0711059570312,597.0711059570312,31543800,0.0,0.0,0.0
2024-12-13 00:00:00-05:00,599.1162729918287,599.8374853272288,595.5693676109008,596.9525756835938,35904700,0.0,0.0,0.0
2024-12-16 00:00:00-05:00,598.7210366652528,600.4796851568691,597.9405474515993,599.5015258789062,43695200,0.0,0.0,0.0
2024-12-17 00:00:00-05:00,596.9327804455652,597.900989889001,595.6484074425919,597.0315551757812,55773500,0.0,0.0,0.0
2024-12-18 00:00:00-05:00,596.7252628946356,599.1260676649564,578.8525850593486,579.2379150390625,108248700,0.0,0.0,0.0
<<<<<<< HEAD
2024-12-19 00:00:00-05:00,584.2568879572754,585.8772036337424,578.8130614589971,579.06005859375,85919500,0.0,0.0,0.0
2024-12-20 00:00:00-05:00,576.716609074651,590.5751556827481,575.8640332815654,586.01513671875,125716700,1.966,0.0,0.0
2024-12-23 00:00:00-05:00,585.7573730277389,590.1290398696646,582.5553885988357,589.5243530273438,57635800,0.0,0.0,0.0
2024-12-24 00:00:00-05:00,590.8824302891231,596.1165955673065,590.2975285951272,596.076904296875,33160100,0.0,0.0,0.0
2024-12-26 00:00:00-05:00,594.2926551063172,597.2467510278158,592.8850063759046,596.11669921875,41219100,0.0,0.0,0.0
2024-12-27 00:00:00-05:00,592.349606135686,592.5875722637912,585.628530262738,589.8416137695312,64969300,0.0,0.0,0.0
2024-12-30 00:00:00-05:00,582.7835057007663,586.6000397682428,579.3336924072994,583.110595703125,56578800,0.0,0.0,0.0
2024-12-31 00:00:00-05:00,584.7858849888859,585.5095851912486,579.3435820207299,580.9891967773438,57052700,0.0,0.0,0.0
2025-01-02 00:00:00-05:00,584.2703854968423,585.9952616225524,575.4575923435457,579.5616455078125,50204000,0.0,0.0,0.0
2025-01-03 00:00:00-05:00,582.4265768189647,587.4524841165517,581.3360954279694,586.8081665039062,37888500,0.0,0.0,0.0
2025-01-06 00:00:00-05:00,591.0906669897693,594.4908658796807,588.4438157230102,590.1885375976562,47679400,0.0,0.0,0.0
2025-01-07 00:00:00-05:00,592.2305931115341,592.5577435625502,581.6830616942256,583.5169677734375,60393100,0.0,0.0,0.0
2025-01-08 00:00:00-05:00,583.5863298366745,585.4500042495939,580.1167322282579,584.3694458007812,47304700,0.0,0.0,0.0
=======
2024-12-19 00:00:00-05:00,584.2568263743534,585.8771418800329,578.8130004498754,579.0599975585938,85919500,0.0,0.0,0.0
2024-12-20 00:00:00-05:00,576.716609074651,590.5751556827481,575.8640332815654,586.01513671875,125716700,1.966,0.0,0.0
2024-12-23 00:00:00-05:00,585.7574336728889,590.1291009674258,582.555448912475,589.5244140625,57635800,0.0,0.0,0.0
2024-12-24 00:00:00-05:00,590.8824907923924,596.1166566065269,590.2975890385056,596.0769653320312,33160100,0.0,0.0,0.0
2024-12-26 00:00:00-05:00,594.2925942579211,597.2466898769559,592.8849456716348,596.1166381835938,41219100,0.0,0.0,0.0
2024-12-27 00:00:00-05:00,592.349606135686,592.5875722637912,585.628530262738,589.8416137695312,64969300,0.0,0.0,0.0
2024-12-30 00:00:00-05:00,582.7835057007663,586.6000397682428,579.3336924072994,583.110595703125,56578800,0.0,0.0,0.0
2024-12-31 00:00:00-05:00,584.7858235548729,585.5095236812081,579.3435211584518,580.9891357421875,57052700,0.0,0.0,0.0
2025-01-02 00:00:00-05:00,584.2704470278884,585.9953233352497,575.4576529464935,579.5617065429688,50204000,0.0,0.0,0.0
2025-01-03 00:00:00-05:00,582.4265768189647,587.4524841165517,581.3360954279694,586.8081665039062,37888500,0.0,0.0,0.0
2025-01-06 00:00:00-05:00,591.0906669897693,594.4908658796807,588.4438157230102,590.1885375976562,47679400,0.0,0.0,0.0
2025-01-07 00:00:00-05:00,592.2306550581247,592.5578055433604,581.6831225375574,583.5170288085938,60393100,0.0,0.0,0.0
2025-01-08 00:00:00-05:00,583.5863907900373,585.4500653976103,580.1167928192344,584.3695068359375,47304700,0.0,0.0,0.0
>>>>>>> b79efe5cdc8e019e16d80e3b355d2d840fc29340
2025-01-10 00:00:00-05:00,580.7908883545033,580.8602875756501,573.5245418299866,575.4476928710938,73105000,0.0,0.0,0.0
2025-01-13 00:00:00-05:00,570.7687264554227,576.6967632072416,570.352331124668,576.3399047851562,47910100,0.0,0.0,0.0
2025-01-14 00:00:00-05:00,579.2840683920101,579.9185236912625,573.3262632797856,577.1329345703125,48420600,0.0,0.0,0.0
2025-01-15 00:00:00-05:00,585.2023114906353,588.7809399035968,584.0821220198754,587.6310424804688,56900200,0.0,0.0,0.0
2025-01-16 00:00:00-05:00,589.0088467012978,589.1872759074608,585.7969999803885,586.5008544921875,43319700,0.0,0.0,0.0
2025-01-17 00:00:00-05:00,591.7746725476055,594.1537892227647,590.4363626944013,592.3892822265625,58070600,0.0,0.0,0.0
<<<<<<< HEAD
2025-01-21 00:00:00-05:00,595.4523751286994,597.8216293606315,593.4697477556989,597.8117065429688,42532900,0.0,0.0,0.0
2025-01-22 00:00:00-05:00,600.656799743693,602.5403200370894,600.1016664737954,601.1723022460938,48196000,0.0,0.0,0.0
2025-01-23 00:00:00-05:00,600.5379115165184,604.45361328125,600.2603751042184,604.45361328125,41152100,0.0,0.0,0.0
2025-01-24 00:00:00-05:00,604.5130699050133,605.4746757598883,601.5292056667311,602.6890258789062,34604700,0.0,0.0,0.0
2025-01-27 00:00:00-05:00,589.6433687414142,594.4809850060814,589.4748623340163,594.1637573242188,70361100,0.0,0.0,0.0
=======
2025-01-21 00:00:00-05:00,595.4524359229735,597.8216903968008,593.4698083475514,597.811767578125,42532900,0.0,0.0,0.0
2025-01-22 00:00:00-05:00,600.656799743693,602.5403200370894,600.1016664737954,601.1723022460938,48196000,0.0,0.0,0.0
2025-01-23 00:00:00-05:00,600.537850876753,604.4535522460938,600.2603144924775,604.4535522460938,41152100,0.0,0.0,0.0
2025-01-24 00:00:00-05:00,604.5130086851335,605.4746144426255,601.5291447490314,602.68896484375,34604700,0.0,0.0,0.0
2025-01-27 00:00:00-05:00,589.6433081706125,594.4809239383382,589.4748017805242,594.1636962890625,70361100,0.0,0.0,0.0
>>>>>>> b79efe5cdc8e019e16d80e3b355d2d840fc29340
2025-01-28 00:00:00-05:00,595.4028949130045,600.1116355041081,592.0621722182419,599.26904296875,44433300,0.0,0.0,0.0
2025-01-29 00:00:00-05:00,598.4759021527152,598.882374668965,594.0149903221018,596.58251953125,37177400,0.0,0.0,0.0
2025-01-30 00:00:00-05:00,598.7139095137852,601.3309319842132,595.5020019503173,599.7844848632812,39281300,0.0,0.0,0.0
2025-01-31 00:00:00-05:00,602.2231232896551,604.6617769781066,595.8291372870628,596.5924682617188,66566900,0.0,0.0,0.0
2025-02-03 00:00:00-05:00,587.5219003161839,595.0757062127931,585.3608436126516,592.57763671875,65857200,0.0,0.0,0.0
<<<<<<< HEAD
2025-02-04 00:00:00-05:00,592.6371547762964,597.0682984855546,592.0919442792167,596.5528564453125,33457800,0.0,0.0,0.0
2025-02-05 00:00:00-05:00,595.4226979994195,599.1202788798545,593.3805941197304,598.9715576171875,30653100,0.0,0.0,0.0
2025-02-06 00:00:00-05:00,600.726194256066,601.1822203511523,597.3953946627929,601.0533447265625,35771500,0.0,0.0,0.0
2025-02-07 00:00:00-05:00,601.6183482961283,602.8475675264697,594.8377363899132,595.551513671875,50788500,0.0,0.0,0.0
2025-02-10 00:00:00-05:00,598.7833062959043,600.2405085459313,597.5044727650717,599.5961303710938,26048700,0.0,0.0,0.0
2025-02-11 00:00:00-05:00,597.3161491475298,600.5973955759445,597.197196325744,600.0521850585938,30056700,0.0,0.0,0.0
=======
2025-02-04 00:00:00-05:00,592.6370941417676,597.0682373976618,592.0918837004701,596.5527954101562,33457800,0.0,0.0,0.0
2025-02-05 00:00:00-05:00,595.4226373258917,599.1202178295435,593.3805336542929,598.9714965820312,30653100,0.0,0.0,0.0
2025-02-06 00:00:00-05:00,600.726194256066,601.1822203511523,597.3953946627929,601.0533447265625,35771500,0.0,0.0,0.0
2025-02-07 00:00:00-05:00,601.6184099530446,602.8476293093627,594.8377973519179,595.5515747070312,50788500,0.0,0.0,0.0
2025-02-10 00:00:00-05:00,598.7832453434885,600.2404474451814,597.5044119428333,599.5960693359375,26048700,0.0,0.0,0.0
2025-02-11 00:00:00-05:00,597.3160883906734,600.5973344853313,597.197135580987,600.0521240234375,30056700,0.0,0.0,0.0
>>>>>>> b79efe5cdc8e019e16d80e3b355d2d840fc29340
2025-02-12 00:00:00-05:00,593.9952408058122,599.2987454315366,593.3112318639063,598.1190795898438,45076100,0.0,0.0,0.0
2025-02-13 00:00:00-05:00,599.2293186121958,604.6419134904336,597.9604684697639,604.4337158203125,40921300,0.0,0.0,0.0
2025-02-14 00:00:00-05:00,604.6418973129976,605.6827646257742,603.7794592105552,604.4039916992188,26910400,0.0,0.0,0.0
<<<<<<< HEAD
2025-02-18 00:00:00-05:00,605.5737798991598,606.178466796875,603.0954953954162,606.178466796875,26749000,0.0,0.0,0.0
2025-02-19 00:00:00-05:00,604.7807369178573,607.9033390687135,604.2652343829255,607.60595703125,31011100,0.0,0.0,0.0
2025-02-20 00:00:00-05:00,606.2279612401959,606.3667596800622,601.7472644379752,605.0780639648438,36554000,0.0,0.0,0.0
2025-02-21 00:00:00-05:00,604.8599570126433,604.9987554556133,594.2628108513653,594.728759765625,76519800,0.0,0.0,0.0
2025-02-24 00:00:00-05:00,596.7907388152252,597.7919754098276,591.3087445913096,592.0225219726562,50737200,0.0,0.0,0.0
2025-02-25 00:00:00-05:00,591.9630038380435,592.6965662998072,584.4389061860617,589.0782470703125,58266500,0.0,0.0,0.0
2025-02-26 00:00:00-05:00,590.7536120583931,594.3719315476118,586.718957724097,589.3756713867188,43321600,0.0,0.0,0.0
2025-02-27 00:00:00-05:00,591.6655061184648,592.8253866100482,579.5715284356448,579.968017578125,74196700,0.0,0.0,0.0
2025-02-28 00:00:00-05:00,580.4736791128596,589.5540864732496,577.3807850421597,589.018798828125,88744100,0.0,0.0,0.0
2025-03-03 00:00:00-05:00,591.0013951605243,592.1513529367862,574.8628395664972,578.69921875,74249200,0.0,0.0,0.0
2025-03-04 00:00:00-05:00,574.6745236933907,580.3051786101872,567.2793012349447,571.8492431640625,109648200,0.0,0.0,0.0
2025-03-05 00:00:00-05:00,571.6807582916119,579.7996207416143,568.102129991371,577.9954223632812,71230500,0.0,0.0,0.0
=======
2025-02-18 00:00:00-05:00,605.5737189248886,606.1784057617188,603.0954346706795,606.1784057617188,26749000,0.0,0.0,0.0
2025-02-19 00:00:00-05:00,604.7806761664997,607.9032780036847,604.2651736833511,607.6058959960938,31011100,0.0,0.0,0.0
2025-02-20 00:00:00-05:00,606.2280223913441,606.3668208452111,601.7473251371486,605.078125,36554000,0.0,0.0,0.0
2025-02-21 00:00:00-05:00,604.8600190875328,604.9988175447472,594.2628718387027,594.7288208007812,76519800,0.0,0.0,0.0
2025-02-24 00:00:00-05:00,596.7907388152252,597.7919754098276,591.3087445913096,592.0225219726562,50737200,0.0,0.0,0.0
2025-02-25 00:00:00-05:00,591.9630651720931,592.6966277098621,584.4389667405298,589.0783081054688,58266500,0.0,0.0,0.0
2025-02-26 00:00:00-05:00,590.7535508805387,594.3718699950479,586.7188969640674,589.3756103515625,43321600,0.0,0.0,0.0
2025-02-27 00:00:00-05:00,591.665568384651,592.8254489982988,579.571589429075,579.9680786132812,74196700,0.0,0.0,0.0
2025-02-28 00:00:00-05:00,580.4736791128596,589.5540864732496,577.3807850421597,589.018798828125,88744100,0.0,0.0,0.0
2025-03-03 00:00:00-05:00,591.0013951605243,592.1513529367862,574.8628395664972,578.69921875,74249200,0.0,0.0,0.0
2025-03-04 00:00:00-05:00,574.6745236933907,580.3051786101872,567.2793012349447,571.8492431640625,109648200,0.0,0.0,0.0
2025-03-05 00:00:00-05:00,571.6806979232716,579.7995595159383,568.1020700009266,577.995361328125,71230500,0.0,0.0,0.0
>>>>>>> b79efe5cdc8e019e16d80e3b355d2d840fc29340
2025-03-06 00:00:00-05:00,570.481188331108,575.1304520011837,565.1677614238747,567.7352905273438,80094900,0.0,0.0,0.0
2025-03-07 00:00:00-05:00,565.9410048616534,572.374620972555,560.7167623995564,570.9173583984375,81158800,0.0,0.0,0.0
2025-03-10 00:00:00-04:00,562.6598126082816,564.5928260670291,550.7640472991095,555.710693359375,99326600,0.0,0.0,0.0
2025-03-11 00:00:00-04:00,554.5409384975098,559.1208032031337,547.2250381485285,551.0911254882812,88102100,0.0,0.0,0.0
2025-03-12 00:00:00-04:00,557.2868261582678,558.2186634905289,548.8805050365849,554.0155029296875,69588200,0.0,0.0,0.0
2025-03-13 00:00:00-04:00,553.6388449829802,554.2534547102391,544.9053726595178,546.6302490234375,74079400,0.0,0.0,0.0
2025-03-14 00:00:00-04:00,551.2794507149214,558.9324239905063,546.6995862320014,557.9212646484375,62660300,0.0,0.0,0.0
2025-03-17 00:00:00-04:00,557.9013981951625,564.7613323506962,557.4652177604464,562.2235717773438,49008700,0.0,0.0,0.0
2025-03-18 00:00:00-04:00,559.8939850390469,560.1121055231899,554.203853884888,556.1468505859375,66041400,0.0,0.0,0.0
2025-03-19 00:00:00-04:00,557.9410986045036,565.9905608911315,556.7515100807932,562.2037353515625,66556000,0.0,0.0,0.0
2025-03-20 00:00:00-04:00,558.4367918514132,565.6138937221895,557.7130916703615,560.5780029296875,62958200,0.0,0.0,0.0
2025-03-21 00:00:00-04:00,556.0897976294804,561.6677826377718,554.8469278493619,560.762939453125,83763000,1.696,0.0,0.0
2025-03-24 00:00:00-04:00,567.5440394813636,571.86926269199,566.9474862667257,570.8053588867188,58766800,0.0,0.0,0.0
2025-03-25 00:00:00-04:00,572.0183689196199,573.1220227068575,570.4175672260229,572.177490234375,38355700,0.0,0.0,0.0
2025-03-26 00:00:00-04:00,571.9090077398645,573.0425195248911,563.9546412826954,565.3466796875,51848300,0.0,0.0,0.0
2025-03-27 00:00:00-04:00,563.944681183511,567.6434930945948,561.717468314772,563.8452758789062,42164200,0.0,0.0,0.0
2025-03-28 00:00:00-04:00,562.304173568215,563.0399428035041,551.903816900767,552.4904174804688,71662700,0.0,0.0,0.0
2025-03-31 00:00:00-04:00,546.6936920279248,557.5116354900671,543.750554530121,556.1991577148438,95328200,0.0,0.0,0.0
2025-04-01 00:00:00-04:00,554.270200650382,559.7288748312798,550.5216860996894,557.7700805664062,54609600,0.0,0.0,0.0
2025-04-02 00:00:00-04:00,551.8838532533371,564.1832870343261,551.6452319792124,561.2998657226562,76014500,0.0,0.0,0.0
2025-04-03 00:00:00-04:00,542.0006124868958,544.8442841383162,533.6386108398438,533.6386108398438,125986000,0.0,0.0,0.0
2025-04-04 00:00:00-04:00,520.6828811973194,522.8703441644736,502.17905033414394,502.3977966308594,217965100,0.0,0.0,0.0
2025-04-07 00:00:00-04:00,486.3995737800916,520.1857262659767,479.0517131179981,501.5029296875,256611400,0.0,0.0,0.0
2025-04-08 00:00:00-04:00,518.8832132196871,521.9854113898446,486.36975741253633,493.64801025390625,165816600,0.0,0.0,0.0
2025-04-09 00:00:00-04:00,490.62536123459006,545.4906005859375,490.23757127668296,545.4906005859375,241867300,0.0,0.0,0.0
2025-04-10 00:00:00-04:00,529.1344405716377,530.4568711321452,506.4148031681469,521.5877685546875,162331200,0.0,0.0,0.0
2025-04-11 00:00:00-04:00,520.0267013859047,533.3701351923651,517.1034690516782,530.8943481445312,97866300,0.0,0.0,0.0
2025-04-14 00:00:00-04:00,540.9466097072813,541.1753390049968,530.8147332303623,536.0447387695312,68034000,0.0,0.0,0.0
2025-04-15 00:00:00-04:00,536.5915818220184,540.1312723398183,533.7479104814203,534.5433349609375,56892900,0.0,0.0,0.0
2025-04-16 00:00:00-04:00,528.6472408418655,534.8218402750512,517.3221958900297,522.6615600585938,83484800,0.0,0.0,0.0
2025-04-17 00:00:00-04:00,524.6302516664327,528.1400842911512,520.9214870568637,523.4072265625,79868100,0.0,0.0,0.0
2025-04-21 00:00:00-04:00,518.1871723342323,518.7241309058172,505.55963388256157,510.94873046875,69368100,0.0,0.0,0.0
2025-04-22 00:00:00-04:00,517.1730636694438,526.2807870532888,516.2284704641588,524.2424926757812,75948100,0.0,0.0,0.0
2025-04-23 00:00:00-04:00,537.3472764364299,542.3187554782935,530.8346510289886,532.3658447265625,90590700,0.0,0.0,0.0
2025-04-24 00:00:00-04:00,533.6584331737259,544.3073634486632,532.3957187263146,543.5715942382812,64150400,0.0,0.0,0.0
2025-04-25 00:00:00-04:00,543.5317931259866,547.9066579905569,540.5886558742968,547.4990234375,61119600,0.0,0.0,0.0
2025-04-28 00:00:00-04:00,548.2447832861145,550.3924355414467,541.9111238077456,547.7078247070312,47613800,0.0,0.0,0.0
2025-04-29 00:00:00-04:00,545.7788460995639,552.2815790568998,545.4209141992505,551.1580200195312,47775100,0.0,0.0,0.0
2025-04-30 00:00:00-04:00,544.4466177046888,553.3455782199762,538.4311395978207,551.3768310546875,93101500,0.0,0.0,0.0
2025-05-01 00:00:00-04:00,557.1735491438936,560.8524558505887,554.6778569018302,555.2843627929688,63186100,0.0,0.0,0.0
2025-05-02 00:00:00-04:00,561.5086499974077,565.1378539569648,559.1720791327064,563.527099609375,60717300,0.0,0.0,0.0
2025-05-05 00:00:00-04:00,559.3610137868201,563.4177577758883,558.4959812674823,560.295654296875,38659200,0.0,0.0,0.0
2025-05-06 00:00:00-04:00,554.747455291201,560.1365216016732,553.7830174830004,555.6124877929688,48264700,0.0,0.0,0.0
2025-05-07 00:00:00-04:00,556.9548009077818,560.6038493983164,552.8681991631311,557.9490966796875,55588000,0.0,0.0,0.0
2025-05-08 00:00:00-04:00,562.0157579568283,567.0568450320475,558.4959726115572,561.8367919921875,65130800,0.0,0.0,0.0
2025-05-09 00:00:00-04:00,563.2487187713206,564.2629200033267,559.5499671743652,561.1209716796875,37603400,0.0,0.0,0.0
2025-05-12 00:00:00-04:00,578.1532016097033,579.6745034500635,573.7484781026347,579.66455078125,78993600,0.0,0.0,0.0
2025-05-13 00:00:00-04:00,580.0820658308163,585.7197665156716,579.5153706490559,583.4925537109375,67947200,0.0,0.0,0.0
2025-05-14 00:00:00-04:00,584.4569971907843,585.6203062554047,582.1999263612488,584.23828125,66283500,0.0,0.0,0.0
2025-05-15 00:00:00-04:00,582.2198452585625,587.5989588253952,581.7624473439984,587.0919189453125,71268100,0.0,0.0,0.0
2025-05-16 00:00:00-04:00,587.8774230068021,591.1088845286154,585.9186893064182,590.8106079101562,76052100,0.0,0.0,0.0
2025-05-19 00:00:00-04:00,584.7453513153635,592.1429146923263,584.7453513153635,591.4568481445312,68168500,0.0,0.0,0.0
2025-05-20 00:00:00-04:00,589.7069436963179,590.661428858583,586.2368002538279,589.46826171875,60614500,0.0,0.0,0.0
2025-05-21 00:00:00-04:00,585.0834662873492,589.1998657689248,578.5012324590923,579.5352783203125,95197700,0.0,0.0,0.0
2025-05-22 00:00:00-04:00,579.3363764431303,583.2738097421649,578.0935066667054,579.7639770507812,70860400,0.0,0.0,0.0
2025-05-23 00:00:00-04:00,572.6944898379297,578.4912514897796,572.3166525694867,575.806640625,76029000,0.0,0.0,0.0
2025-05-27 00:00:00-04:00,582.7269752337963,587.9370757702034,575.1305403861026,587.7780151367188,72588500,0.0,0.0,0.0
2025-05-28 00:00:00-04:00,588.1856112493471,589.3887309946801,583.6416722363929,584.37744140625,68445500,0.0,0.0,0.0
2025-05-29 00:00:00-04:00,589.6771054111595,589.8163213976459,582.7269869994868,586.6842651367188,69973300,0.0,0.0,0.0
2025-05-30 00:00:00-04:00,585.5706172221718,587.7580801158757,579.9130717022508,586.0280151367188,90601200,0.0,0.0,0.0
2025-06-02 00:00:00-04:00,584.4073250806647,589.4086015340318,581.7227142099362,589.3291015625,61630500,0.0,0.0,0.0
2025-06-03 00:00:00-04:00,588.961210027987,593.6741624833163,588.4739541013344,592.6898193359375,63606200,0.0,0.0,0.0
2025-06-04 00:00:00-04:00,593.5548545078736,594.5391976596761,592.0932080953481,592.5307006835938,57314200,0.0,0.0,0.0
2025-06-05 00:00:00-04:00,594.2210060312028,595.5831864273371,587.6785226503756,589.6671142578125,92278700,0.0,0.0,0.0
2025-06-06 00:00:00-04:00,595.2451088486548,597.4027744725131,593.455388510206,595.722412109375,66588700,0.0,0.0,0.0
2025-06-09 00:00:00-04:00,596.2990883662742,597.8203901729,595.0761238694207,596.2593383789062,53016400,0.0,0.0,0.0
2025-06-10 00:00:00-04:00,596.7962213819605,600.0276828696868,595.672722912116,599.6399536132812,66247000,0.0,0.0,0.0
2025-06-11 00:00:00-04:00,600.7436228335788,601.608655383662,595.851704156038,597.9297485351562,73658200,0.0,0.0,0.0
2025-06-12 00:00:00-04:00,596.5874347137615,600.3060913085938,596.1002394800107,600.3060913085938,64129000,0.0,0.0,0.0
2025-06-13 00:00:00-04:00,595.0860482220673,598.4169149439988,592.083255426069,593.5946044921875,89506000,0.0,0.0,0.0
2025-06-16 00:00:00-04:00,596.9752246255282,601.0021104918266,596.7961979763596,599.2421875,79984100,0.0,0.0,0.0
2025-06-17 00:00:00-04:00,596.7862874189289,598.3174810611555,593.3559548666378,594.12158203125,82209400,0.0,0.0,0.0
2025-06-18 00:00:00-04:00,595.0264003245132,597.7905111811382,593.0676059775907,594.0321044921875,76605000,0.0,0.0,0.0
2025-06-20 00:00:00-04:00,596.7256028572928,597.8026339141032,591.2208450851572,592.636962890625,94051400,1.761,0.0,0.0
2025-06-23 00:00:00-04:00,593.3948045851308,598.8795981212522,590.2535502615591,598.49072265625,87426000,0.0,0.0,0.0
2025-06-24 00:00:00-04:00,602.65917852593,606.1694051168853,601.7416782982235,605.1024169921875,67735300,0.0,0.0,0.0
2025-06-25 00:00:00-04:00,606.2292612300843,606.9273380866383,603.8658185288903,605.4414672851562,62114800,0.0,0.0,0.0
2025-06-26 00:00:00-04:00,607.306302256393,610.617130683572,606.6880212532993,610.1783447265625,78548400,0.0,0.0,0.0
2025-06-27 00:00:00-04:00,611.1855439983277,614.6858494593505,609.1412239120898,613.2098999023438,86258400,0.0,0.0,0.0
2025-06-30 00:00:00-04:00,615.6731133088892,617.5079921128906,613.3395560055452,616.1417846679688,92502500,0.0,0.0,0.0
2025-07-01 00:00:00-04:00,614.6559103723325,617.1191131155733,613.8182668389494,615.9423828125,70030100,0.0,0.0,0.0
2025-07-02 00:00:00-04:00,615.53347209637,618.7744866384667,614.9052090235124,618.734619140625,66510400,0.0,0.0,0.0
2025-07-03 00:00:00-04:00,620.7290596612153,624.5484875028751,620.7090954800537,623.611083984375,51065800,0.0,0.0,0.0
2025-07-07 00:00:00-04:00,621.6365725170731,622.3047639816969,616.1617605422166,618.9639892578125,74814500,0.0,0.0,0.0
2025-07-08 00:00:00-04:00,619.6320954349991,620.3900039601925,617.8071987595777,618.6249389648438,59024600,0.0,0.0,0.0
2025-07-09 00:00:00-04:00,621.0481832340878,622.9927431754923,619.1932795088373,622.3345947265625,66113300,0.0,0.0,0.0
2025-07-10 00:00:00-04:00,622.4742664500196,625.1368675729468,621.2875540464601,624.0897827148438,57529000,0.0,0.0,0.0
2025-07-11 00:00:00-04:00,621.0182411395347,623.1323749024951,619.8116254973129,621.8958129882812,63670200,0.0,0.0,0.0
2025-07-14 00:00:00-04:00,621.437057113524,623.4315275028133,620.0808318567448,623.08251953125,51898500,0.0,0.0,0.0
2025-07-15 00:00:00-04:00,625.7850521197855,626.1240780025647,620.340126016414,620.419921875,74317300,0.0,0.0,0.0
2025-07-16 00:00:00-04:00,622.0154871960257,623.0027403264891,616.3412163521633,622.494140625,88987500,0.0,0.0,0.0
2025-07-17 00:00:00-04:00,622.6736989062512,626.6626398066976,622.4542755061946,626.3035888671875,68885700,0.0,0.0,0.0
2025-07-18 00:00:00-04:00,627.5601250668279,627.7296380152247,624.7280110672211,625.8449096679688,65621600,0.0,0.0,0.0
2025-07-21 00:00:00-04:00,627.0316162109375,629.7939164140192,626.6028123652087,627.0316162109375,63375000,0.0,0.0,0.0
2025-07-22 00:00:00-04:00,627.3606646093982,627.9889276793821,624.4587368446605,627.121337890625,60046300,0.0,0.0,0.0
2025-07-23 00:00:00-04:00,629.8039240942028,632.4566040039062,627.9889485945137,632.4566040039062,70511000,0.0,0.0,0.0
2025-07-24 00:00:00-04:00,632.8454496264281,634.3912129187636,632.2371507469353,632.6659545898438,71307100,0.0,0.0,0.0
2025-07-25 00:00:00-04:00,633.3341702599237,635.8172763273444,633.0848614440556,635.3385620117188,56865400,0.0,0.0,0.0
2025-07-28 00:00:00-04:00,635.7175012309004,636.2759505305676,633.782862430909,635.1790161132812,54917100,0.0,0.0,0.0
2025-07-29 00:00:00-04:00,636.5850848856694,636.9042074633194,632.5862227401361,633.503662109375,60556300,0.0,0.0,0.0
2025-07-30 00:00:00-04:00,634.1617960302962,635.9169397338984,629.7939009526881,632.7058715820312,80418900,0.0,0.0,0.0
2025-07-31 00:00:00-04:00,637.6920593309911,638.0809348105399,629.0260827850975,630.3324584960938,103385200,0.0,0.0,0.0
2025-08-01 00:00:00-04:00,624.5683918435021,624.6083202058907,617.5777633723885,620.0010375976562,140103600,0.0,0.0,0.0
2025-08-04 00:00:00-04:00,623.9401331350132,629.4747763447384,623.8504160518278,629.4249267578125,73218000,0.0,0.0,0.0
2025-08-05 00:00:00-04:00,630.0432104487703,630.8609506236863,625.3063432085271,626.2337646484375,68051400,0.0,0.0,0.0
2025-08-06 00:00:00-04:00,627.310788901774,631.6886660273483,626.3933495625395,631.030517578125,64357500,0.0,0.0,0.0
2025-08-07 00:00:00-04:00,634.4809118212801,635.2188561282265,627.3706199993678,630.501953125,74205800,0.0,0.0,0.0
2025-08-08 00:00:00-04:00,632.3069659204185,635.8870671683993,631.9878433436463,635.4183349609375,64051600,0.0,0.0,0.0
2025-08-11 00:00:00-04:00,635.6975853928571,637.1834561323586,632.9052780831173,634.1618041992188,58742300,0.0,0.0,0.0
2025-08-12 00:00:00-04:00,636.5252873774225,641.0726778368414,635.0294344517399,640.9131469726562,64730800,0.0,0.0,0.0
2025-08-13 00:00:00-04:00,643.1269589799253,644.4034493171588,640.9031438473124,643.1070556640625,60092800,0.0,0.0,0.0
2025-08-14 00:00:00-04:00,641.0128079474052,643.8350006749072,640.5641007895744,643.1668701171875,59327500,0.0,0.0,0.0
2025-08-15 00:00:00-04:00,644.2040095711507,644.3037696191185,640.7436323612244,641.6610717773438,68592500,0.0,0.0,0.0
2025-08-18 00:00:00-04:00,641.0826373957427,642.2195001872421,640.40452473057,641.5214233398438,43804900,0.0,0.0,0.0
2025-08-19 00:00:00-04:00,641.341922870885,642.3291760201543,636.714736747966,638.0410766601562,69750700,0.0,0.0,0.0
2025-08-20 00:00:00-04:00,637.6322365737963,637.89146660832,631.2000571048222,636.3457641601562,88890300,0.0,0.0,0.0
2025-08-21 00:00:00-04:00,634.5208697964243,636.2061389257788,632.057667095043,633.7928466796875,54805800,0.0,0.0,0.0
2025-08-22 00:00:00-04:00,635.9967649167205,644.7125912923959,635.4881651988852,643.52587890625,84083200,0.0,0.0,0.0
2025-08-25 00:00:00-04:00,642.2593311060981,643.505875096025,640.5740011970607,640.6936645507812,51274300,0.0,0.0,0.0
2025-08-26 00:00:00-04:00,640.4245042856638,643.7253506035642,639.7962411945653,643.3762817382812,51581600,0.0,0.0,0.0
2025-08-27 00:00:00-04:00,642.7879219740594,645.580168455503,642.6383123424215,644.8422241210938,48341100,0.0,0.0,0.0
2025-08-28 00:00:00-04:00,645.4505066457858,647.6843037743214,643.5557962693775,647.1258544921875,61519500,0.0,0.0,0.0
2025-08-29 00:00:00-04:00,645.6798938838932,646.04892693251,641.361908969664,643.2666015625,74522200,0.0,0.0,0.0
2025-09-02 00:00:00-04:00,635.7374558444352,638.7191794281234,633.1645719217177,638.4998168945312,81983500,0.0,0.0,0.0
2025-09-03 00:00:00-04:00,640.8931560649971,642.4289372924937,638.6893051342267,641.960205078125,70820900,0.0,0.0,0.0
2025-09-04 00:00:00-04:00,642.6382997027142,647.3552636551144,641.7308424389964,647.3253173828125,65219200,0.0,0.0,0.0
2025-09-05 00:00:00-04:00,649.6787679935875,650.4067910780432,641.551337641252,645.4505004882812,85178900,0.0,0.0,0.0
2025-09-08 00:00:00-04:00,646.826691508285,648.0433501046099,645.4405199703039,647.0361328125,63133100,0.0,0.0,0.0
2025-09-09 00:00:00-04:00,647.1756962960839,649.0604854255209,645.4305347021028,648.531982421875,66133900,0.0,0.0,0.0
2025-09-10 00:00:00-04:00,651.8128741836446,652.7402956265305,648.8311506393708,650.4067993164062,78034500,0.0,0.0,0.0
2025-09-11 00:00:00-04:00,652.3713547945198,656.5099054682547,651.7830200765693,655.8118286132812,69934400,0.0,0.0,0.0
2025-09-12 00:00:00-04:00,655.7818843611192,657.2877193463212,655.0838683704039,655.5924072265625,72780100,0.0,0.0,0.0
2025-09-15 00:00:00-04:00,657.8162552961535,659.2123480846643,657.5170969033588,659.0827026367188,63772400,0.0,0.0,0.0
2025-09-16 00:00:00-04:00,659.6411384615709,659.9503398052897,657.3874380375795,658.1752319335938,61169000,0.0,0.0,0.0
2025-09-17 00:00:00-04:00,658.1852662695255,659.8904996422112,652.4910309141978,657.3575439453125,101952200,0.0,0.0,0.0
2025-09-18 00:00:00-04:00,660.0600439458431,663.0517496492283,658.4445277353276,660.4290161132812,90459200,0.0,0.0,0.0
2025-09-19 00:00:00-04:00,662.3300170898438,664.5499877929688,660.3699951171875,663.7000122070312,97945600,1.831,0.0,0.0
2025-09-22 00:00:00-04:00,662.2000122070312,667.2899780273438,662.1699829101562,666.8400268554688,69452200,0.0,0.0,0.0
2025-09-23 00:00:00-04:00,666.719970703125,667.3400268554688,661.97998046875,663.2100219726562,81708900,0.0,0.0,0.0
2025-09-24 00:00:00-04:00,664.510009765625,664.6099853515625,659.6699829101562,661.0999755859375,68082200,0.0,0.0,0.0
2025-09-25 00:00:00-04:00,657.9400024414062,659.4099731445312,654.4099731445312,658.0499877929688,89622100,0.0,0.0,0.0
2025-09-26 00:00:00-04:00,659.510009765625,662.3699951171875,657.8800048828125,661.8200073242188,69179200,0.0,0.0,0.0
2025-09-29 00:00:00-04:00,664.3599853515625,665.280029296875,661.8599853515625,663.6799926757812,73499000,0.0,0.0,0.0
2025-09-30 00:00:00-04:00,662.9299926757812,666.6500244140625,661.6099853515625,666.1799926757812,86288000,0.0,0.0,0.0
2025-10-01 00:00:00-04:00,663.1699829101562,669.3699951171875,663.0599975585938,668.4500122070312,72545400,0.0,0.0,0.0
2025-10-02 00:00:00-04:00,670.4500122070312,670.5700073242188,666.780029296875,669.219970703125,56896000,0.0,0.0,0.0
2025-10-03 00:00:00-04:00,669.989990234375,672.6799926757812,668.1599731445312,669.2100219726562,70494400,0.0,0.0,0.0
2025-10-06 00:00:00-04:00,671.6199951171875,672.510009765625,669.4600219726562,671.6099853515625,54623300,0.0,0.0,0.0
2025-10-07 00:00:00-04:00,672.5399780273438,672.989990234375,667.6699829101562,669.1199951171875,72020100,0.0,0.0,0.0
2025-10-08 00:00:00-04:00,670.25,673.2100219726562,669.4199829101562,673.1099853515625,60702200,0.0,0.0,0.0
2025-10-09 00:00:00-04:00,673.530029296875,673.9400024414062,669.2100219726562,671.1599731445312,66501900,0.0,0.0,0.0
2025-10-10 00:00:00-04:00,672.1300048828125,673.9500122070312,652.8400268554688,653.02001953125,159422600,0.0,0.0,0.0
2025-10-13 00:00:00-04:00,660.6500244140625,665.1300048828125,659.77001953125,663.0399780273438,79560500,0.0,0.0,0.0
2025-10-14 00:00:00-04:00,657.1699829101562,665.8300170898438,653.1699829101562,662.22998046875,88779600,0.0,0.0,0.0
2025-10-15 00:00:00-04:00,666.8200073242188,670.22998046875,658.9299926757812,665.1699829101562,81702600,0.0,0.0,0.0
2025-10-16 00:00:00-04:00,666.8200073242188,668.7100219726562,657.1099853515625,660.6400146484375,110563300,0.0,0.0,0.0
2025-10-17 00:00:00-04:00,659.5,665.760009765625,658.1400146484375,664.3900146484375,96386200,0.0,0.0,0.0
2025-10-20 00:00:00-04:00,667.3200073242188,671.4600219726562,667.27001953125,670.75,27487602,0.0,0.0,0.0
